RUN_TIME,MKT_TYPE,TIME_INTERVAL,HVDC_NAME,CONGESTION_FLAG,FLOW_FROM,FLOW_TO,OVERLOAD_MW,
7/16/2026,RTD,7/16/2026 12:05:00 AM,MINVIS1,N,279.85,-279.85,,
7/16/2026,RTD,7/16/2026 12:05:00 AM,VISLUZ1,N,-72.67,72.67,,
7/16/2026 12:05:00 AM,RTD,7/16/2026 12:10:00 AM,MINVIS1,N,255.93,-255.93,,
7/16/2026 12:05:00 AM,RTD,7/16/2026 12:10:00 AM,VISLUZ1,N,-82.55,82.55,,
7/16/2026 12:10:00 AM,RTD,7/16/2026 12:15:00 AM,MINVIS1,N,240.69,-240.69,,
7/16/2026 12:10:00 AM,RTD,7/16/2026 12:15:00 AM,VISLUZ1,N,-82.81,82.81,,
7/16/2026 12:15:00 AM,RTD,7/16/2026 12:20:00 AM,MINVIS1,N,246.44,-246.44,,
7/16/2026 12:15:00 AM,RTD,7/16/2026 12:20:00 AM,VISLUZ1,N,-79.64,79.64,,
7/16/2026 12:20:00 AM,RTD,7/16/2026 12:25:00 AM,MINVIS1,N,258.90,-258.90,,
7/16/2026 12:20:00 AM,RTD,7/16/2026 12:25:00 AM,VISLUZ1,N,-59.99,59.99,,
7/16/2026 12:25:00 AM,RTD,7/16/2026 12:30:00 AM,MINVIS1,N,254.11,-254.11,,
7/16/2026 12:25:00 AM,RTD,7/16/2026 12:30:00 AM,VISLUZ1,N,-82.06,82.06,,
7/16/2026 12:30:00 AM,RTD,7/16/2026 12:35:00 AM,MINVIS1,N,249.44,-249.44,,
7/16/2026 12:30:00 AM,RTD,7/16/2026 12:35:00 AM,VISLUZ1,N,-93.54,93.54,,
7/16/2026 12:35:00 AM,RTD,7/16/2026 12:40:00 AM,MINVIS1,N,271.08,-271.08,,
7/16/2026 12:35:00 AM,RTD,7/16/2026 12:40:00 AM,VISLUZ1,N,-47.58,47.58,,
7/16/2026 12:40:00 AM,RTD,7/16/2026 12:45:00 AM,MINVIS1,N,255.63,-255.63,,
7/16/2026 12:40:00 AM,RTD,7/16/2026 12:45:00 AM,VISLUZ1,N,-58.83,58.83,,
7/16/2026 12:45:00 AM,RTD,7/16/2026 12:50:00 AM,MINVIS1,N,260.43,-260.43,,
7/16/2026 12:45:00 AM,RTD,7/16/2026 12:50:00 AM,VISLUZ1,N,-52.46,52.46,,
7/16/2026 12:50:00 AM,RTD,7/16/2026 12:55:00 AM,MINVIS1,N,271.40,-271.40,,
7/16/2026 12:50:00 AM,RTD,7/16/2026 12:55:00 AM,VISLUZ1,N,-52.13,52.13,,
7/16/2026 12:55:00 AM,RTD,7/16/2026 1:00:00 AM,MINVIS1,N,275.13,-275.13,,
7/16/2026 12:55:00 AM,RTD,7/16/2026 1:00:00 AM,VISLUZ1,N,-65.86,65.86,,
7/16/2026 1:00:00 AM,RTD,7/16/2026 1:05:00 AM,MINVIS1,N,281.29,-281.29,,
7/16/2026 1:00:00 AM,RTD,7/16/2026 1:05:00 AM,VISLUZ1,N,-52.50,52.50,,
7/16/2026 1:05:00 AM,RTD,7/16/2026 1:10:00 AM,MINVIS1,N,287.68,-287.68,,
7/16/2026 1:05:00 AM,RTD,7/16/2026 1:10:00 AM,VISLUZ1,N,-55.03,55.03,,
7/16/2026 1:10:00 AM,RTD,7/16/2026 1:15:00 AM,MINVIS1,N,292.44,-292.44,,
7/16/2026 1:10:00 AM,RTD,7/16/2026 1:15:00 AM,VISLUZ1,N,-65.04,65.04,,
7/16/2026 1:15:00 AM,RTD,7/16/2026 1:20:00 AM,MINVIS1,N,291.87,-291.87,,
7/16/2026 1:15:00 AM,RTD,7/16/2026 1:20:00 AM,VISLUZ1,N,-71.83,71.83,,
7/16/2026 1:20:00 AM,RTD,7/16/2026 1:25:00 AM,MINVIS1,N,286.64,-286.64,,
7/16/2026 1:20:00 AM,RTD,7/16/2026 1:25:00 AM,VISLUZ1,N,-88.37,88.37,,
7/16/2026 1:25:00 AM,RTD,7/16/2026 1:30:00 AM,MINVIS1,N,277.81,-277.81,,
7/16/2026 1:25:00 AM,RTD,7/16/2026 1:30:00 AM,VISLUZ1,N,-113.20,113.20,,
7/16/2026 1:30:00 AM,RTD,7/16/2026 1:35:00 AM,MINVIS1,N,266.21,-266.21,,
7/16/2026 1:30:00 AM,RTD,7/16/2026 1:35:00 AM,VISLUZ1,N,-81.66,81.66,,
7/16/2026 1:35:00 AM,RTD,7/16/2026 1:40:00 AM,MINVIS1,N,272.01,-272.01,,
7/16/2026 1:35:00 AM,RTD,7/16/2026 1:40:00 AM,VISLUZ1,N,-65.97,65.97,,
7/16/2026 1:40:00 AM,RTD,7/16/2026 1:45:00 AM,MINVIS1,N,275.60,-275.60,,
7/16/2026 1:40:00 AM,RTD,7/16/2026 1:45:00 AM,VISLUZ1,N,-84.68,84.68,,
7/16/2026 1:45:00 AM,RTD,7/16/2026 1:50:00 AM,MINVIS1,N,279.09,-279.09,,
7/16/2026 1:45:00 AM,RTD,7/16/2026 1:50:00 AM,VISLUZ1,N,-90.73,90.73,,
7/16/2026 1:50:00 AM,RTD,7/16/2026 1:55:00 AM,MINVIS1,N,297.12,-297.12,,
7/16/2026 1:50:00 AM,RTD,7/16/2026 1:55:00 AM,VISLUZ1,N,-77.03,77.03,,
7/16/2026 1:55:00 AM,RTD,7/16/2026 2:00:00 AM,MINVIS1,N,280.41,-280.41,,
7/16/2026 1:55:00 AM,RTD,7/16/2026 2:00:00 AM,VISLUZ1,N,-106.03,106.03,,
7/16/2026 2:00:00 AM,RTD,7/16/2026 2:05:00 AM,MINVIS1,N,301.35,-301.35,,
7/16/2026 2:00:00 AM,RTD,7/16/2026 2:05:00 AM,VISLUZ1,N,-51.72,51.72,,
7/16/2026 2:05:00 AM,RTD,7/16/2026 2:10:00 AM,MINVIS1,N,304.98,-304.98,,
7/16/2026 2:05:00 AM,RTD,7/16/2026 2:10:00 AM,VISLUZ1,N,-39.45,39.45,,
7/16/2026 2:10:00 AM,RTD,7/16/2026 2:15:00 AM,MINVIS1,N,310.02,-310.02,,
7/16/2026 2:10:00 AM,RTD,7/16/2026 2:15:00 AM,VISLUZ1,N,-39.96,39.96,,
7/16/2026 2:15:00 AM,RTD,7/16/2026 2:20:00 AM,MINVIS1,N,314.67,-314.67,,
7/16/2026 2:15:00 AM,RTD,7/16/2026 2:20:00 AM,VISLUZ1,N,-39.69,39.69,,
7/16/2026 2:20:00 AM,RTD,7/16/2026 2:25:00 AM,MINVIS1,N,310.62,-310.62,,
7/16/2026 2:20:00 AM,RTD,7/16/2026 2:25:00 AM,VISLUZ1,N,-46.91,46.91,,
7/16/2026 2:25:00 AM,RTD,7/16/2026 2:30:00 AM,MINVIS1,N,299.64,-299.64,,
7/16/2026 2:25:00 AM,RTD,7/16/2026 2:30:00 AM,VISLUZ1,N,-64.79,64.79,,
7/16/2026 2:30:00 AM,RTD,7/16/2026 2:35:00 AM,MINVIS1,N,300.45,-300.45,,
7/16/2026 2:30:00 AM,RTD,7/16/2026 2:35:00 AM,VISLUZ1,N,-68.11,68.11,,
7/16/2026 2:35:00 AM,RTD,7/16/2026 2:40:00 AM,MINVIS1,N,321.49,-321.49,,
7/16/2026 2:35:00 AM,RTD,7/16/2026 2:40:00 AM,VISLUZ1,N,-51.56,51.56,,
7/16/2026 2:40:00 AM,RTD,7/16/2026 2:45:00 AM,MINVIS1,N,315.84,-315.84,,
7/16/2026 2:40:00 AM,RTD,7/16/2026 2:45:00 AM,VISLUZ1,N,-64.87,64.87,,
7/16/2026 2:45:00 AM,RTD,7/16/2026 2:50:00 AM,MINVIS1,N,306.93,-306.93,,
7/16/2026 2:45:00 AM,RTD,7/16/2026 2:50:00 AM,VISLUZ1,N,-82.37,82.37,,
7/16/2026 2:50:00 AM,RTD,7/16/2026 2:55:00 AM,MINVIS1,N,285.61,-285.61,,
7/16/2026 2:50:00 AM,RTD,7/16/2026 2:55:00 AM,VISLUZ1,N,-95.53,95.53,,
7/16/2026 2:55:00 AM,RTD,7/16/2026 3:00:00 AM,MINVIS1,N,276.28,-276.28,,
7/16/2026 2:55:00 AM,RTD,7/16/2026 3:00:00 AM,VISLUZ1,N,-106.16,106.16,,
7/16/2026 3:00:00 AM,RTD,7/16/2026 3:05:00 AM,MINVIS1,N,269.04,-269.04,,
7/16/2026 3:00:00 AM,RTD,7/16/2026 3:05:00 AM,VISLUZ1,N,-107.71,107.71,,
7/16/2026 3:05:00 AM,RTD,7/16/2026 3:10:00 AM,MINVIS1,N,282.81,-282.81,,
7/16/2026 3:05:00 AM,RTD,7/16/2026 3:10:00 AM,VISLUZ1,N,-91.42,91.42,,
7/16/2026 3:10:00 AM,RTD,7/16/2026 3:15:00 AM,MINVIS1,N,288.82,-288.82,,
7/16/2026 3:10:00 AM,RTD,7/16/2026 3:15:00 AM,VISLUZ1,N,-84.68,84.68,,
7/16/2026 3:15:00 AM,RTD,7/16/2026 3:20:00 AM,MINVIS1,N,297.55,-297.55,,
7/16/2026 3:15:00 AM,RTD,7/16/2026 3:20:00 AM,VISLUZ1,N,-53.16,53.16,,
7/16/2026 3:20:00 AM,RTD,7/16/2026 3:25:00 AM,MINVIS1,N,296.68,-296.68,,
7/16/2026 3:20:00 AM,RTD,7/16/2026 3:25:00 AM,VISLUZ1,N,-46.29,46.29,,
7/16/2026 3:25:00 AM,RTD,7/16/2026 3:30:00 AM,MINVIS1,N,310.31,-310.31,,
7/16/2026 3:25:00 AM,RTD,7/16/2026 3:30:00 AM,VISLUZ1,N,-39.66,39.66,,
7/16/2026 3:30:00 AM,RTD,7/16/2026 3:35:00 AM,MINVIS1,N,307.92,-307.92,,
7/16/2026 3:30:00 AM,RTD,7/16/2026 3:35:00 AM,VISLUZ1,N,-38.86,38.86,,
7/16/2026 3:35:00 AM,RTD,7/16/2026 3:40:00 AM,MINVIS1,N,313.13,-313.13,,
7/16/2026 3:35:00 AM,RTD,7/16/2026 3:40:00 AM,VISLUZ1,N,-29.40,29.40,,
7/16/2026 3:40:00 AM,RTD,7/16/2026 3:45:00 AM,MINVIS1,N,299.21,-299.21,,
7/16/2026 3:40:00 AM,RTD,7/16/2026 3:45:00 AM,VISLUZ1,N,-40.31,40.31,,
7/16/2026 3:45:00 AM,RTD,7/16/2026 3:50:00 AM,MINVIS1,N,305.12,-305.12,,
7/16/2026 3:45:00 AM,RTD,7/16/2026 3:50:00 AM,VISLUZ1,N,-32.74,32.74,,
7/16/2026 3:50:00 AM,RTD,7/16/2026 3:55:00 AM,MINVIS1,N,310.63,-310.63,,
7/16/2026 3:50:00 AM,RTD,7/16/2026 3:55:00 AM,VISLUZ1,N,-27.48,27.48,,
7/16/2026 3:55:00 AM,RTD,7/16/2026 4:00:00 AM,MINVIS1,N,294.27,-294.27,,
7/16/2026 3:55:00 AM,RTD,7/16/2026 4:00:00 AM,VISLUZ1,N,-46.89,46.89,,
7/16/2026 4:00:00 AM,RTD,7/16/2026 4:05:00 AM,MINVIS1,N,306.54,-306.54,,
7/16/2026 4:00:00 AM,RTD,7/16/2026 4:05:00 AM,VISLUZ1,N,-33.92,33.92,,
7/16/2026 4:05:00 AM,RTD,7/16/2026 4:10:00 AM,MINVIS1,N,291.33,-291.33,,
7/16/2026 4:05:00 AM,RTD,7/16/2026 4:10:00 AM,VISLUZ1,N,-48.49,48.49,,
7/16/2026 4:10:00 AM,RTD,7/16/2026 4:15:00 AM,MINVIS1,N,282.99,-282.99,,
7/16/2026 4:10:00 AM,RTD,7/16/2026 4:15:00 AM,VISLUZ1,N,-61.64,61.64,,
7/16/2026 4:15:00 AM,RTD,7/16/2026 4:20:00 AM,MINVIS1,N,269.31,-269.31,,
7/16/2026 4:15:00 AM,RTD,7/16/2026 4:20:00 AM,VISLUZ1,N,-83.34,83.34,,
7/16/2026 4:20:00 AM,RTD,7/16/2026 4:25:00 AM,MINVIS1,N,254.79,-254.79,,
7/16/2026 4:20:00 AM,RTD,7/16/2026 4:25:00 AM,VISLUZ1,N,-97.24,97.24,,
7/16/2026 4:25:00 AM,RTD,7/16/2026 4:30:00 AM,MINVIS1,N,247.89,-247.89,,
7/16/2026 4:25:00 AM,RTD,7/16/2026 4:30:00 AM,VISLUZ1,N,-118.04,118.04,,
7/16/2026 4:30:00 AM,RTD,7/16/2026 4:35:00 AM,MINVIS1,N,261.79,-261.79,,
7/16/2026 4:30:00 AM,RTD,7/16/2026 4:35:00 AM,VISLUZ1,N,-99.09,99.09,,
7/16/2026 4:35:00 AM,RTD,7/16/2026 4:40:00 AM,MINVIS1,N,274.67,-274.67,,
7/16/2026 4:35:00 AM,RTD,7/16/2026 4:40:00 AM,VISLUZ1,N,-89.43,89.43,,
7/16/2026 4:40:00 AM,RTD,7/16/2026 4:45:00 AM,MINVIS1,N,286.24,-286.24,,
7/16/2026 4:40:00 AM,RTD,7/16/2026 4:45:00 AM,VISLUZ1,N,-78.59,78.59,,
7/16/2026 4:45:00 AM,RTD,7/16/2026 4:50:00 AM,MINVIS1,N,316.79,-316.79,,
7/16/2026 4:45:00 AM,RTD,7/16/2026 4:50:00 AM,VISLUZ1,N,5.89,-5.89,,
7/16/2026 4:50:00 AM,RTD,7/16/2026 4:55:00 AM,MINVIS1,N,306.29,-306.29,,
7/16/2026 4:50:00 AM,RTD,7/16/2026 4:55:00 AM,VISLUZ1,N,21.45,-21.45,,
7/16/2026 4:55:00 AM,RTD,7/16/2026 5:00:00 AM,MINVIS1,N,289.58,-289.58,,
7/16/2026 4:55:00 AM,RTD,7/16/2026 5:00:00 AM,VISLUZ1,N,21.90,-21.90,,
7/16/2026 5:00:00 AM,RTD,7/16/2026 5:05:00 AM,MINVIS1,N,272.11,-272.11,,
7/16/2026 5:00:00 AM,RTD,7/16/2026 5:05:00 AM,VISLUZ1,N,17.19,-17.19,,
7/16/2026 5:05:00 AM,RTD,7/16/2026 5:10:00 AM,MINVIS1,N,257.42,-257.42,,
7/16/2026 5:05:00 AM,RTD,7/16/2026 5:10:00 AM,VISLUZ1,N,2.15,-2.15,,
7/16/2026 5:10:00 AM,RTD,7/16/2026 5:15:00 AM,MINVIS1,N,241.23,-241.23,,
7/16/2026 5:10:00 AM,RTD,7/16/2026 5:15:00 AM,VISLUZ1,N,-14.07,14.07,,
7/16/2026 5:15:00 AM,RTD,7/16/2026 5:20:00 AM,MINVIS1,N,216.32,-216.32,,
7/16/2026 5:15:00 AM,RTD,7/16/2026 5:20:00 AM,VISLUZ1,N,-54.59,54.59,,
7/16/2026 5:20:00 AM,RTD,7/16/2026 5:25:00 AM,MINVIS1,N,210.69,-210.69,,
7/16/2026 5:20:00 AM,RTD,7/16/2026 5:25:00 AM,VISLUZ1,N,-81.16,81.16,,
7/16/2026 5:25:00 AM,RTD,7/16/2026 5:30:00 AM,MINVIS1,N,188.80,-188.80,,
7/16/2026 5:25:00 AM,RTD,7/16/2026 5:30:00 AM,VISLUZ1,N,-99.86,99.86,,
7/16/2026 5:30:00 AM,RTD,7/16/2026 5:35:00 AM,MINVIS1,N,187.57,-187.57,,
7/16/2026 5:30:00 AM,RTD,7/16/2026 5:35:00 AM,VISLUZ1,N,-119.35,119.35,,
7/16/2026 5:35:00 AM,RTD,7/16/2026 5:40:00 AM,MINVIS1,N,187.89,-187.89,,
7/16/2026 5:35:00 AM,RTD,7/16/2026 5:40:00 AM,VISLUZ1,N,-127.29,127.29,,
7/16/2026 5:40:00 AM,RTD,7/16/2026 5:45:00 AM,MINVIS1,N,191.79,-191.79,,
7/16/2026 5:40:00 AM,RTD,7/16/2026 5:45:00 AM,VISLUZ1,N,-142.88,142.88,,
7/16/2026 5:45:00 AM,RTD,7/16/2026 5:50:00 AM,MINVIS1,N,211.46,-211.46,,
7/16/2026 5:45:00 AM,RTD,7/16/2026 5:50:00 AM,VISLUZ1,N,-143.04,143.04,,
7/16/2026 5:50:00 AM,RTD,7/16/2026 5:55:00 AM,MINVIS1,N,212.07,-212.07,,
7/16/2026 5:50:00 AM,RTD,7/16/2026 5:55:00 AM,VISLUZ1,N,-159.77,159.77,,
7/16/2026 5:55:00 AM,RTD,7/16/2026 6:00:00 AM,MINVIS1,N,239.71,-239.71,,
7/16/2026 5:55:00 AM,RTD,7/16/2026 6:00:00 AM,VISLUZ1,N,-120.72,120.72,,
7/16/2026 6:00:00 AM,RTD,7/16/2026 6:05:00 AM,MINVIS1,N,267.45,-267.45,,
7/16/2026 6:00:00 AM,RTD,7/16/2026 6:05:00 AM,VISLUZ1,N,-78.18,78.18,,
7/16/2026 6:05:00 AM,RTD,7/16/2026 6:10:00 AM,MINVIS1,N,251.17,-251.17,,
7/16/2026 6:05:00 AM,RTD,7/16/2026 6:10:00 AM,VISLUZ1,N,-92.08,92.08,,
7/16/2026 6:10:00 AM,RTD,7/16/2026 6:15:00 AM,MINVIS1,N,258.07,-258.07,,
7/16/2026 6:10:00 AM,RTD,7/16/2026 6:15:00 AM,VISLUZ1,N,-83.32,83.32,,
7/16/2026 6:15:00 AM,RTD,7/16/2026 6:20:00 AM,MINVIS1,N,253.67,-253.67,,
7/16/2026 6:15:00 AM,RTD,7/16/2026 6:20:00 AM,VISLUZ1,N,-76.41,76.41,,
7/16/2026 6:20:00 AM,RTD,7/16/2026 6:25:00 AM,MINVIS1,N,228.17,-228.17,,
7/16/2026 6:20:00 AM,RTD,7/16/2026 6:25:00 AM,VISLUZ1,N,-87.65,87.65,,
7/16/2026 6:25:00 AM,RTD,7/16/2026 6:30:00 AM,MINVIS1,N,185.21,-185.21,,
7/16/2026 6:25:00 AM,RTD,7/16/2026 6:30:00 AM,VISLUZ1,N,-105.28,105.28,,
7/16/2026 6:30:00 AM,RTD,7/16/2026 6:35:00 AM,MINVIS1,N,161.43,-161.43,,
7/16/2026 6:30:00 AM,RTD,7/16/2026 6:35:00 AM,VISLUZ1,N,-112.15,112.15,,
7/16/2026 6:35:00 AM,RTD,7/16/2026 6:40:00 AM,MINVIS1,N,132,-132,,
7/16/2026 6:35:00 AM,RTD,7/16/2026 6:40:00 AM,VISLUZ1,N,-122.73,122.73,,
7/16/2026 6:40:00 AM,RTD,7/16/2026 6:45:00 AM,MINVIS1,N,135.27,-135.27,,
7/16/2026 6:40:00 AM,RTD,7/16/2026 6:45:00 AM,VISLUZ1,Y,-100,100,,
7/16/2026 6:45:00 AM,RTD,7/16/2026 6:50:00 AM,MINVIS1,N,142.30,-142.30,,
7/16/2026 6:45:00 AM,RTD,7/16/2026 6:50:00 AM,VISLUZ1,N,-75.14,75.14,,
7/16/2026 6:50:00 AM,RTD,7/16/2026 6:55:00 AM,MINVIS1,N,148.90,-148.90,,
7/16/2026 6:50:00 AM,RTD,7/16/2026 6:55:00 AM,VISLUZ1,N,-52.81,52.81,,
7/16/2026 6:55:00 AM,RTD,7/16/2026 7:00:00 AM,MINVIS1,N,163.19,-163.19,,
7/16/2026 6:55:00 AM,RTD,7/16/2026 7:00:00 AM,VISLUZ1,N,-37.08,37.08,,
7/16/2026 7:00:00 AM,RTD,7/16/2026 7:05:00 AM,MINVIS1,N,147.29,-147.29,,
7/16/2026 7:00:00 AM,RTD,7/16/2026 7:05:00 AM,VISLUZ1,N,-39.85,39.85,,
7/16/2026 7:05:00 AM,RTD,7/16/2026 7:10:00 AM,MINVIS1,N,160.84,-160.84,,
7/16/2026 7:05:00 AM,RTD,7/16/2026 7:10:00 AM,VISLUZ1,N,-32.96,32.96,,
7/16/2026 7:10:00 AM,RTD,7/16/2026 7:15:00 AM,MINVIS1,N,190.32,-190.32,,
7/16/2026 7:10:00 AM,RTD,7/16/2026 7:15:00 AM,VISLUZ1,N,-6.04,6.04,,
7/16/2026 7:15:00 AM,RTD,7/16/2026 7:20:00 AM,MINVIS1,N,191.69,-191.69,,
7/16/2026 7:15:00 AM,RTD,7/16/2026 7:20:00 AM,VISLUZ1,N,1.19,-1.19,,
7/16/2026 7:20:00 AM,RTD,7/16/2026 7:25:00 AM,MINVIS1,N,188.39,-188.39,,
7/16/2026 7:20:00 AM,RTD,7/16/2026 7:25:00 AM,VISLUZ1,N,-2.91,2.91,,
7/16/2026 7:25:00 AM,RTD,7/16/2026 7:30:00 AM,MINVIS1,N,198.26,-198.26,,
7/16/2026 7:25:00 AM,RTD,7/16/2026 7:30:00 AM,VISLUZ1,N,24.23,-24.23,,
7/16/2026 7:30:00 AM,RTD,7/16/2026 7:35:00 AM,MINVIS1,N,193.83,-193.83,,
7/16/2026 7:30:00 AM,RTD,7/16/2026 7:35:00 AM,VISLUZ1,N,7.57,-7.57,,
7/16/2026 7:35:00 AM,RTD,7/16/2026 7:40:00 AM,MINVIS1,N,213.51,-213.51,,
7/16/2026 7:35:00 AM,RTD,7/16/2026 7:40:00 AM,VISLUZ1,N,5.03,-5.03,,
7/16/2026 7:40:00 AM,RTD,7/16/2026 7:45:00 AM,MINVIS1,N,191.30,-191.30,,
7/16/2026 7:40:00 AM,RTD,7/16/2026 7:45:00 AM,VISLUZ1,N,-26.71,26.71,,
7/16/2026 7:45:00 AM,RTD,7/16/2026 7:50:00 AM,MINVIS1,N,161,-161,,
7/16/2026 7:45:00 AM,RTD,7/16/2026 7:50:00 AM,VISLUZ1,N,-63.55,63.55,,
7/16/2026 7:50:00 AM,RTD,7/16/2026 7:55:00 AM,MINVIS1,N,156.01,-156.01,,
7/16/2026 7:50:00 AM,RTD,7/16/2026 7:55:00 AM,VISLUZ1,N,-78.92,78.92,,
7/16/2026 7:55:00 AM,RTD,7/16/2026 8:00:00 AM,MINVIS1,N,159.04,-159.04,,
7/16/2026 7:55:00 AM,RTD,7/16/2026 8:00:00 AM,VISLUZ1,Y,-100,100,,
7/16/2026 8:00:00 AM,RTD,7/16/2026 8:05:00 AM,MINVIS1,N,150.15,-150.15,,
7/16/2026 8:00:00 AM,RTD,7/16/2026 8:05:00 AM,VISLUZ1,Y,-100,100,,
7/16/2026 8:05:00 AM,RTD,7/16/2026 8:10:00 AM,MINVIS1,N,136.71,-136.71,,
7/16/2026 8:05:00 AM,RTD,7/16/2026 8:10:00 AM,VISLUZ1,N,-85.67,85.67,,
7/16/2026 8:10:00 AM,RTD,7/16/2026 8:15:00 AM,MINVIS1,N,126,-126,,
7/16/2026 8:10:00 AM,RTD,7/16/2026 8:15:00 AM,VISLUZ1,N,-82.22,82.22,,
7/16/2026 8:15:00 AM,RTD,7/16/2026 8:20:00 AM,MINVIS1,N,105.27,-105.27,,
7/16/2026 8:15:00 AM,RTD,7/16/2026 8:20:00 AM,VISLUZ1,N,-90.71,90.71,,
7/16/2026 8:20:00 AM,RTD,7/16/2026 8:25:00 AM,MINVIS1,N,99.42,-99.42,,
7/16/2026 8:20:00 AM,RTD,7/16/2026 8:25:00 AM,VISLUZ1,N,-94.63,94.63,,
7/16/2026 8:25:00 AM,RTD,7/16/2026 8:30:00 AM,MINVIS1,N,104.89,-104.89,,
7/16/2026 8:25:00 AM,RTD,7/16/2026 8:30:00 AM,VISLUZ1,N,-88.65,88.65,,
7/16/2026 8:30:00 AM,RTD,7/16/2026 8:35:00 AM,MINVIS1,N,83.27,-83.27,,
7/16/2026 8:30:00 AM,RTD,7/16/2026 8:35:00 AM,VISLUZ1,Y,-100,100,,
7/16/2026 8:35:00 AM,RTD,7/16/2026 8:40:00 AM,MINVIS1,N,80.74,-80.74,,
7/16/2026 8:35:00 AM,RTD,7/16/2026 8:40:00 AM,VISLUZ1,Y,-100,100,,
7/16/2026 8:40:00 AM,RTD,7/16/2026 8:45:00 AM,MINVIS1,N,94.38,-94.38,,
7/16/2026 8:40:00 AM,RTD,7/16/2026 8:45:00 AM,VISLUZ1,Y,-80,80,,
7/16/2026 8:45:00 AM,RTD,7/16/2026 8:50:00 AM,MINVIS1,N,98.87,-98.87,,
7/16/2026 8:45:00 AM,RTD,7/16/2026 8:50:00 AM,VISLUZ1,Y,-80,80,,
7/16/2026 8:50:00 AM,RTD,7/16/2026 8:55:00 AM,MINVIS1,N,102.29,-102.29,,
7/16/2026 8:50:00 AM,RTD,7/16/2026 8:55:00 AM,VISLUZ1,Y,-80,80,,
7/16/2026 8:55:00 AM,RTD,7/16/2026 9:00:00 AM,MINVIS1,N,95.49,-95.49,,
7/16/2026 8:55:00 AM,RTD,7/16/2026 9:00:00 AM,VISLUZ1,Y,-80,80,,
7/16/2026 9:00:00 AM,RTD,7/16/2026 9:05:00 AM,MINVIS1,N,81.77,-81.77,,
7/16/2026 9:00:00 AM,RTD,7/16/2026 9:05:00 AM,VISLUZ1,Y,-80,80,,
7/16/2026 9:05:00 AM,RTD,7/16/2026 9:10:00 AM,MINVIS1,N,84.89,-84.89,,
7/16/2026 9:05:00 AM,RTD,7/16/2026 9:10:00 AM,VISLUZ1,Y,-80,80,,
7/16/2026 9:10:00 AM,RTD,7/16/2026 9:15:00 AM,MINVIS1,N,92.05,-92.05,,
7/16/2026 9:10:00 AM,RTD,7/16/2026 9:15:00 AM,VISLUZ1,Y,-80,80,,
7/16/2026 9:15:00 AM,RTD,7/16/2026 9:20:00 AM,MINVIS1,N,88.30,-88.30,,
7/16/2026 9:15:00 AM,RTD,7/16/2026 9:20:00 AM,VISLUZ1,Y,-80,80,,
7/16/2026 9:20:00 AM,RTD,7/16/2026 9:25:00 AM,MINVIS1,N,102.12,-102.12,,
7/16/2026 9:20:00 AM,RTD,7/16/2026 9:25:00 AM,VISLUZ1,Y,-80,80,,
7/16/2026 9:25:00 AM,RTD,7/16/2026 9:30:00 AM,MINVIS1,N,97.97,-97.97,,
7/16/2026 9:25:00 AM,RTD,7/16/2026 9:30:00 AM,VISLUZ1,Y,-80,80,,
7/16/2026 9:30:00 AM,RTD,7/16/2026 9:35:00 AM,MINVIS1,N,116.09,-116.09,,
7/16/2026 9:30:00 AM,RTD,7/16/2026 9:35:00 AM,VISLUZ1,Y,-80,80,,
7/16/2026 9:35:00 AM,RTD,7/16/2026 9:40:00 AM,MINVIS1,N,113.30,-113.30,,
7/16/2026 9:35:00 AM,RTD,7/16/2026 9:40:00 AM,VISLUZ1,Y,-80,80,,
7/16/2026 9:40:00 AM,RTD,7/16/2026 9:45:00 AM,MINVIS1,N,107.68,-107.68,,
7/16/2026 9:40:00 AM,RTD,7/16/2026 9:45:00 AM,VISLUZ1,Y,-80,80,,
7/16/2026 9:45:00 AM,RTD,7/16/2026 9:50:00 AM,MINVIS1,N,110.64,-110.64,,
7/16/2026 9:45:00 AM,RTD,7/16/2026 9:50:00 AM,VISLUZ1,Y,-80,80,,
7/16/2026 9:50:00 AM,RTD,7/16/2026 9:55:00 AM,MINVIS1,N,94.17,-94.17,,
7/16/2026 9:50:00 AM,RTD,7/16/2026 9:55:00 AM,VISLUZ1,Y,-80,80,,
7/16/2026 9:55:00 AM,RTD,7/16/2026 10:00:00 AM,MINVIS1,N,89.40,-89.40,,
7/16/2026 9:55:00 AM,RTD,7/16/2026 10:00:00 AM,VISLUZ1,Y,-80,80,,
7/16/2026 10:00:00 AM,RTD,7/16/2026 10:05:00 AM,MINVIS1,N,129.09,-129.09,,
7/16/2026 10:00:00 AM,RTD,7/16/2026 10:05:00 AM,VISLUZ1,Y,-80,80,,
7/16/2026 10:05:00 AM,RTD,7/16/2026 10:10:00 AM,MINVIS1,N,121.88,-121.88,,
7/16/2026 10:05:00 AM,RTD,7/16/2026 10:10:00 AM,VISLUZ1,Y,-80,80,,
7/16/2026 10:10:00 AM,RTD,7/16/2026 10:15:00 AM,MINVIS1,N,113.44,-113.44,,
7/16/2026 10:10:00 AM,RTD,7/16/2026 10:15:00 AM,VISLUZ1,Y,-80,80,,
7/16/2026 10:15:00 AM,RTD,7/16/2026 10:20:00 AM,MINVIS1,N,137.38,-137.38,,
7/16/2026 10:15:00 AM,RTD,7/16/2026 10:20:00 AM,VISLUZ1,Y,-80,80,,
7/16/2026 10:20:00 AM,RTD,7/16/2026 10:25:00 AM,MINVIS1,N,136.86,-136.86,,
7/16/2026 10:20:00 AM,RTD,7/16/2026 10:25:00 AM,VISLUZ1,Y,-80,80,,
7/16/2026 10:25:00 AM,RTD,7/16/2026 10:30:00 AM,MINVIS1,N,135.68,-135.68,,
7/16/2026 10:25:00 AM,RTD,7/16/2026 10:30:00 AM,VISLUZ1,Y,-80,80,,
7/16/2026 10:30:00 AM,RTD,7/16/2026 10:35:00 AM,MINVIS1,N,130.91,-130.91,,
7/16/2026 10:30:00 AM,RTD,7/16/2026 10:35:00 AM,VISLUZ1,Y,-80,80,,
7/16/2026 10:35:00 AM,RTD,7/16/2026 10:40:00 AM,MINVIS1,N,123.73,-123.73,,
7/16/2026 10:35:00 AM,RTD,7/16/2026 10:40:00 AM,VISLUZ1,Y,-80,80,,
7/16/2026 10:40:00 AM,RTD,7/16/2026 10:45:00 AM,MINVIS1,N,118.22,-118.22,,
7/16/2026 10:40:00 AM,RTD,7/16/2026 10:45:00 AM,VISLUZ1,Y,-80,80,,
7/16/2026 10:45:00 AM,RTD,7/16/2026 10:50:00 AM,MINVIS1,N,121.52,-121.52,,
7/16/2026 10:45:00 AM,RTD,7/16/2026 10:50:00 AM,VISLUZ1,Y,-80,80,,
7/16/2026 10:50:00 AM,RTD,7/16/2026 10:55:00 AM,MINVIS1,N,130.77,-130.77,,
7/16/2026 10:50:00 AM,RTD,7/16/2026 10:55:00 AM,VISLUZ1,Y,-80,80,,
7/16/2026 10:55:00 AM,RTD,7/16/2026 11:00:00 AM,MINVIS1,N,130.81,-130.81,,
7/16/2026 10:55:00 AM,RTD,7/16/2026 11:00:00 AM,VISLUZ1,Y,-80,80,,
7/16/2026 11:00:00 AM,RTD,7/16/2026 11:05:00 AM,MINVIS1,N,143.76,-143.76,,
7/16/2026 11:00:00 AM,RTD,7/16/2026 11:05:00 AM,VISLUZ1,Y,-80,80,,
7/16/2026 11:05:00 AM,RTD,7/16/2026 11:10:00 AM,MINVIS1,N,154.09,-154.09,,
7/16/2026 11:05:00 AM,RTD,7/16/2026 11:10:00 AM,VISLUZ1,Y,-80,80,,
7/16/2026 11:10:00 AM,RTD,7/16/2026 11:15:00 AM,MINVIS1,N,158.91,-158.91,,
7/16/2026 11:10:00 AM,RTD,7/16/2026 11:15:00 AM,VISLUZ1,Y,-80,80,,
7/16/2026 11:15:00 AM,RTD,7/16/2026 11:20:00 AM,MINVIS1,N,137.68,-137.68,,
7/16/2026 11:15:00 AM,RTD,7/16/2026 11:20:00 AM,VISLUZ1,Y,-80,80,,
7/16/2026 11:20:00 AM,RTD,7/16/2026 11:25:00 AM,MINVIS1,N,137.93,-137.93,,
7/16/2026 11:20:00 AM,RTD,7/16/2026 11:25:00 AM,VISLUZ1,Y,-80,80,,
7/16/2026 11:25:00 AM,RTD,7/16/2026 11:30:00 AM,MINVIS1,N,155.56,-155.56,,
7/16/2026 11:25:00 AM,RTD,7/16/2026 11:30:00 AM,VISLUZ1,Y,-80,80,,
7/16/2026 11:30:00 AM,RTD,7/16/2026 11:35:00 AM,MINVIS1,N,148.84,-148.84,,
7/16/2026 11:30:00 AM,RTD,7/16/2026 11:35:00 AM,VISLUZ1,Y,-80,80,,
7/16/2026 11:35:00 AM,RTD,7/16/2026 11:40:00 AM,MINVIS1,N,148.14,-148.14,,
7/16/2026 11:35:00 AM,RTD,7/16/2026 11:40:00 AM,VISLUZ1,Y,-80,80,,
7/16/2026 11:40:00 AM,RTD,7/16/2026 11:45:00 AM,MINVIS1,N,130.33,-130.33,,
7/16/2026 11:40:00 AM,RTD,7/16/2026 11:45:00 AM,VISLUZ1,Y,-80,80,,
7/16/2026 11:45:00 AM,RTD,7/16/2026 11:50:00 AM,MINVIS1,N,112.40,-112.40,,
7/16/2026 11:45:00 AM,RTD,7/16/2026 11:50:00 AM,VISLUZ1,Y,-80,80,,
7/16/2026 11:50:00 AM,RTD,7/16/2026 11:55:00 AM,MINVIS1,N,86.82,-86.82,,
7/16/2026 11:50:00 AM,RTD,7/16/2026 11:55:00 AM,VISLUZ1,Y,-80,80,,
7/16/2026 11:55:00 AM,RTD,7/16/2026 12:00:00 PM,MINVIS1,N,94.31,-94.31,,
7/16/2026 11:55:00 AM,RTD,7/16/2026 12:00:00 PM,VISLUZ1,N,-58.64,58.64,,
7/16/2026 12:00:00 PM,RTD,7/16/2026 12:05:00 PM,MINVIS1,N,95.43,-95.43,,
7/16/2026 12:00:00 PM,RTD,7/16/2026 12:05:00 PM,VISLUZ1,N,-36.74,36.74,,
7/16/2026 12:05:00 PM,RTD,7/16/2026 12:10:00 PM,MINVIS1,N,102.75,-102.75,,
7/16/2026 12:05:00 PM,RTD,7/16/2026 12:10:00 PM,VISLUZ1,N,-74.27,74.27,,
7/16/2026 12:10:00 PM,RTD,7/16/2026 12:15:00 PM,MINVIS1,N,119.28,-119.28,,
7/16/2026 12:10:00 PM,RTD,7/16/2026 12:15:00 PM,VISLUZ1,N,-53.14,53.14,,
7/16/2026 12:15:00 PM,RTD,7/16/2026 12:20:00 PM,MINVIS1,N,101.91,-101.91,,
7/16/2026 12:15:00 PM,RTD,7/16/2026 12:20:00 PM,VISLUZ1,N,-69.57,69.57,,
7/16/2026 12:20:00 PM,RTD,7/16/2026 12:25:00 PM,MINVIS1,N,94.75,-94.75,,
7/16/2026 12:20:00 PM,RTD,7/16/2026 12:25:00 PM,VISLUZ1,N,-70.28,70.28,,
7/16/2026 12:25:00 PM,RTD,7/16/2026 12:30:00 PM,MINVIS1,N,119.98,-119.98,,
7/16/2026 12:25:00 PM,RTD,7/16/2026 12:30:00 PM,VISLUZ1,N,-44.36,44.36,,
7/16/2026 12:30:00 PM,RTD,7/16/2026 12:35:00 PM,MINVIS1,N,96.49,-96.49,,
7/16/2026 12:30:00 PM,RTD,7/16/2026 12:35:00 PM,VISLUZ1,Y,-80,80,,
7/16/2026 12:35:00 PM,RTD,7/16/2026 12:40:00 PM,MINVIS1,N,96.59,-96.59,,
7/16/2026 12:35:00 PM,RTD,7/16/2026 12:40:00 PM,VISLUZ1,N,-63.31,63.31,,
7/16/2026 12:40:00 PM,RTD,7/16/2026 12:45:00 PM,MINVIS1,N,113.31,-113.31,,
7/16/2026 12:40:00 PM,RTD,7/16/2026 12:45:00 PM,VISLUZ1,Y,-80,80,,
7/16/2026 12:45:00 PM,RTD,7/16/2026 12:50:00 PM,MINVIS1,N,167.26,-167.26,,
7/16/2026 12:45:00 PM,RTD,7/16/2026 12:50:00 PM,VISLUZ1,Y,-80,80,,
7/16/2026 12:50:00 PM,RTD,7/16/2026 12:55:00 PM,MINVIS1,N,181.77,-181.77,,
7/16/2026 12:50:00 PM,RTD,7/16/2026 12:55:00 PM,VISLUZ1,Y,-80,80,,
7/16/2026 12:55:00 PM,RTD,7/16/2026 1:00:00 PM,MINVIS1,N,181.48,-181.48,,
7/16/2026 12:55:00 PM,RTD,7/16/2026 1:00:00 PM,VISLUZ1,Y,-80,80,,
7/16/2026 1:00:00 PM,RTD,7/16/2026 1:05:00 PM,MINVIS1,N,185.81,-185.81,,
7/16/2026 1:00:00 PM,RTD,7/16/2026 1:05:00 PM,VISLUZ1,Y,-80,80,,
7/16/2026 1:05:00 PM,RTD,7/16/2026 1:10:00 PM,MINVIS1,N,210.91,-210.91,,
7/16/2026 1:05:00 PM,RTD,7/16/2026 1:10:00 PM,VISLUZ1,Y,-80,80,,
7/16/2026 1:10:00 PM,RTD,7/16/2026 1:15:00 PM,MINVIS1,N,218.42,-218.42,,
7/16/2026 1:10:00 PM,RTD,7/16/2026 1:15:00 PM,VISLUZ1,Y,-80,80,,
7/16/2026 1:15:00 PM,RTD,7/16/2026 1:20:00 PM,MINVIS1,N,211.77,-211.77,,
7/16/2026 1:15:00 PM,RTD,7/16/2026 1:20:00 PM,VISLUZ1,Y,-80,80,,
7/16/2026 1:20:00 PM,RTD,7/16/2026 1:25:00 PM,MINVIS1,N,220.96,-220.96,,
7/16/2026 1:20:00 PM,RTD,7/16/2026 1:25:00 PM,VISLUZ1,Y,-80,80,,
7/16/2026 1:25:00 PM,RTD,7/16/2026 1:30:00 PM,MINVIS1,N,226.59,-226.59,,
7/16/2026 1:25:00 PM,RTD,7/16/2026 1:30:00 PM,VISLUZ1,Y,-80,80,,
7/16/2026 1:30:00 PM,RTD,7/16/2026 1:35:00 PM,MINVIS1,N,235.08,-235.08,,
7/16/2026 1:30:00 PM,RTD,7/16/2026 1:35:00 PM,VISLUZ1,Y,-80,80,,
7/16/2026 1:35:00 PM,RTD,7/16/2026 1:40:00 PM,MINVIS1,N,223.70,-223.70,,
7/16/2026 1:35:00 PM,RTD,7/16/2026 1:40:00 PM,VISLUZ1,Y,-80,80,,
7/16/2026 1:40:00 PM,RTD,7/16/2026 1:45:00 PM,MINVIS1,N,222.52,-222.52,,
7/16/2026 1:40:00 PM,RTD,7/16/2026 1:45:00 PM,VISLUZ1,Y,-80,80,,
7/16/2026 1:45:00 PM,RTD,7/16/2026 1:50:00 PM,MINVIS1,N,244.20,-244.20,,
7/16/2026 1:45:00 PM,RTD,7/16/2026 1:50:00 PM,VISLUZ1,Y,-80,80,,
7/16/2026 1:50:00 PM,RTD,7/16/2026 1:55:00 PM,MINVIS1,N,248.84,-248.84,,
7/16/2026 1:50:00 PM,RTD,7/16/2026 1:55:00 PM,VISLUZ1,Y,-80,80,,
7/16/2026 1:55:00 PM,RTD,7/16/2026 2:00:00 PM,MINVIS1,N,255.75,-255.75,,
7/16/2026 1:55:00 PM,RTD,7/16/2026 2:00:00 PM,VISLUZ1,Y,-80,80,,
7/16/2026 2:00:00 PM,RTD,7/16/2026 2:05:00 PM,MINVIS1,N,265.27,-265.27,,
7/16/2026 2:00:00 PM,RTD,7/16/2026 2:05:00 PM,VISLUZ1,Y,-80,80,,
7/16/2026 2:05:00 PM,RTD,7/16/2026 2:10:00 PM,MINVIS1,N,272.74,-272.74,,
7/16/2026 2:05:00 PM,RTD,7/16/2026 2:10:00 PM,VISLUZ1,Y,-80,80,,
7/16/2026 2:10:00 PM,RTD,7/16/2026 2:15:00 PM,MINVIS1,N,274.08,-274.08,,
7/16/2026 2:10:00 PM,RTD,7/16/2026 2:15:00 PM,VISLUZ1,Y,-80,80,,
7/16/2026 2:15:00 PM,RTD,7/16/2026 2:20:00 PM,MINVIS1,N,282.60,-282.60,,
7/16/2026 2:15:00 PM,RTD,7/16/2026 2:20:00 PM,VISLUZ1,Y,-80,80,,
7/16/2026 2:20:00 PM,RTD,7/16/2026 2:25:00 PM,MINVIS1,N,283.77,-283.77,,
7/16/2026 2:20:00 PM,RTD,7/16/2026 2:25:00 PM,VISLUZ1,Y,-80,80,,
7/16/2026 2:25:00 PM,RTD,7/16/2026 2:30:00 PM,MINVIS1,N,285.54,-285.54,,
7/16/2026 2:25:00 PM,RTD,7/16/2026 2:30:00 PM,VISLUZ1,Y,-80,80,,
7/16/2026 2:30:00 PM,RTD,7/16/2026 2:35:00 PM,MINVIS1,N,288.65,-288.65,,
7/16/2026 2:30:00 PM,RTD,7/16/2026 2:35:00 PM,VISLUZ1,Y,-80,80,,
7/16/2026 2:35:00 PM,RTD,7/16/2026 2:40:00 PM,MINVIS1,N,284.38,-284.38,,
7/16/2026 2:35:00 PM,RTD,7/16/2026 2:40:00 PM,VISLUZ1,Y,-80,80,,
7/16/2026 2:40:00 PM,RTD,7/16/2026 2:45:00 PM,MINVIS1,N,292.93,-292.93,,
7/16/2026 2:40:00 PM,RTD,7/16/2026 2:45:00 PM,VISLUZ1,Y,-80,80,,
7/16/2026 2:45:00 PM,RTD,7/16/2026 2:50:00 PM,MINVIS1,N,295.38,-295.38,,
7/16/2026 2:45:00 PM,RTD,7/16/2026 2:50:00 PM,VISLUZ1,Y,-80,80,,
7/16/2026 2:50:00 PM,RTD,7/16/2026 2:55:00 PM,MINVIS1,N,313.90,-313.90,,
7/16/2026 2:50:00 PM,RTD,7/16/2026 2:55:00 PM,VISLUZ1,Y,-80,80,,
7/16/2026 2:55:00 PM,RTD,7/16/2026 3:00:00 PM,MINVIS1,N,311.22,-311.22,,
7/16/2026 2:55:00 PM,RTD,7/16/2026 3:00:00 PM,VISLUZ1,Y,-80,80,,
7/16/2026 3:00:00 PM,RTD,7/16/2026 3:05:00 PM,MINVIS1,N,352.67,-352.67,,
7/16/2026 3:00:00 PM,RTD,7/16/2026 3:05:00 PM,VISLUZ1,Y,-80,80,,
7/16/2026 3:05:00 PM,RTD,7/16/2026 3:10:00 PM,MINVIS1,N,357.03,-357.03,,
7/16/2026 3:05:00 PM,RTD,7/16/2026 3:10:00 PM,VISLUZ1,Y,-80,80,,
7/16/2026 3:10:00 PM,RTD,7/16/2026 3:15:00 PM,MINVIS1,N,353.71,-353.71,,
7/16/2026 3:10:00 PM,RTD,7/16/2026 3:15:00 PM,VISLUZ1,Y,-80,80,,
7/16/2026 3:15:00 PM,RTD,7/16/2026 3:20:00 PM,MINVIS1,N,381.68,-381.68,,
7/16/2026 3:15:00 PM,RTD,7/16/2026 3:20:00 PM,VISLUZ1,Y,-80,80,,
7/16/2026 3:20:00 PM,RTD,7/16/2026 3:25:00 PM,MINVIS1,N,389.39,-389.39,,
7/16/2026 3:20:00 PM,RTD,7/16/2026 3:25:00 PM,VISLUZ1,Y,-80,80,,
7/16/2026 3:25:00 PM,RTD,7/16/2026 3:30:00 PM,MINVIS1,N,393.91,-393.91,,
7/16/2026 3:25:00 PM,RTD,7/16/2026 3:30:00 PM,VISLUZ1,Y,-80,80,,
7/16/2026 3:30:00 PM,RTD,7/16/2026 3:35:00 PM,MINVIS1,N,402.39,-402.39,,
7/16/2026 3:30:00 PM,RTD,7/16/2026 3:35:00 PM,VISLUZ1,Y,-80,80,,
7/16/2026 3:35:00 PM,RTD,7/16/2026 3:40:00 PM,MINVIS1,N,435.93,-435.93,,
7/16/2026 3:35:00 PM,RTD,7/16/2026 3:40:00 PM,VISLUZ1,Y,-80,80,,
7/16/2026 3:40:00 PM,RTD,7/16/2026 3:45:00 PM,MINVIS1,N,442.70,-442.70,,
7/16/2026 3:40:00 PM,RTD,7/16/2026 3:45:00 PM,VISLUZ1,Y,-80,80,,
7/16/2026 3:45:00 PM,RTD,7/16/2026 3:50:00 PM,MINVIS1,N,437.15,-437.15,,
7/16/2026 3:45:00 PM,RTD,7/16/2026 3:50:00 PM,VISLUZ1,Y,-80,80,,
7/16/2026 3:50:00 PM,RTD,7/16/2026 3:55:00 PM,MINVIS1,N,446.52,-446.52,,
7/16/2026 3:50:00 PM,RTD,7/16/2026 3:55:00 PM,VISLUZ1,Y,-80,80,,
7/16/2026 3:55:00 PM,RTD,7/16/2026 4:00:00 PM,MINVIS1,N,448.42,-448.42,,
7/16/2026 3:55:00 PM,RTD,7/16/2026 4:00:00 PM,VISLUZ1,Y,-80,80,,
7/16/2026 4:00:00 PM,RTD,7/16/2026 4:05:00 PM,MINVIS1,Y,450,-450,,
7/16/2026 4:00:00 PM,RTD,7/16/2026 4:05:00 PM,VISLUZ1,Y,-80,80,,
7/16/2026 4:05:00 PM,RTD,7/16/2026 4:10:00 PM,MINVIS1,Y,450,-450,,
7/16/2026 4:05:00 PM,RTD,7/16/2026 4:10:00 PM,VISLUZ1,Y,-80,80,,
7/16/2026 4:10:00 PM,RTD,7/16/2026 4:15:00 PM,MINVIS1,Y,450,-450,,
7/16/2026 4:10:00 PM,RTD,7/16/2026 4:15:00 PM,VISLUZ1,Y,-80,80,,
7/16/2026 4:15:00 PM,RTD,7/16/2026 4:20:00 PM,MINVIS1,Y,450,-450,,
7/16/2026 4:15:00 PM,RTD,7/16/2026 4:20:00 PM,VISLUZ1,Y,-80,80,,
7/16/2026 4:20:00 PM,RTD,7/16/2026 4:25:00 PM,MINVIS1,Y,450,-450,,
7/16/2026 4:20:00 PM,RTD,7/16/2026 4:25:00 PM,VISLUZ1,Y,-80,80,,
7/16/2026 4:25:00 PM,RTD,7/16/2026 4:30:00 PM,MINVIS1,Y,450,-450,,
7/16/2026 4:25:00 PM,RTD,7/16/2026 4:30:00 PM,VISLUZ1,Y,-80,80,,
7/16/2026 4:30:00 PM,RTD,7/16/2026 4:35:00 PM,MINVIS1,Y,450,-450,,
7/16/2026 4:30:00 PM,RTD,7/16/2026 4:35:00 PM,VISLUZ1,Y,-80,80,,
7/16/2026 4:35:00 PM,RTD,7/16/2026 4:40:00 PM,MINVIS1,Y,450,-450,,
7/16/2026 4:35:00 PM,RTD,7/16/2026 4:40:00 PM,VISLUZ1,Y,-80,80,,
7/16/2026 4:40:00 PM,RTD,7/16/2026 4:45:00 PM,MINVIS1,Y,450,-450,,
7/16/2026 4:40:00 PM,RTD,7/16/2026 4:45:00 PM,VISLUZ1,Y,-80,80,,
7/16/2026 4:45:00 PM,RTD,7/16/2026 4:50:00 PM,MINVIS1,Y,450,-450,,
7/16/2026 4:45:00 PM,RTD,7/16/2026 4:50:00 PM,VISLUZ1,Y,-80,80,,
7/16/2026 4:50:00 PM,RTD,7/16/2026 4:55:00 PM,MINVIS1,Y,450,-450,,
7/16/2026 4:50:00 PM,RTD,7/16/2026 4:55:00 PM,VISLUZ1,Y,-80,80,,
7/16/2026 4:55:00 PM,RTD,7/16/2026 5:00:00 PM,MINVIS1,Y,450,-450,,
7/16/2026 4:55:00 PM,RTD,7/16/2026 5:00:00 PM,VISLUZ1,Y,-80,80,,
7/16/2026 5:00:00 PM,RTD,7/16/2026 5:05:00 PM,MINVIS1,Y,450,-450,,
7/16/2026 5:00:00 PM,RTD,7/16/2026 5:05:00 PM,VISLUZ1,Y,-80,80,,
7/16/2026 5:05:00 PM,RTD,7/16/2026 5:10:00 PM,MINVIS1,Y,450,-450,,
7/16/2026 5:05:00 PM,RTD,7/16/2026 5:10:00 PM,VISLUZ1,Y,-80,80,,
7/16/2026 5:10:00 PM,RTD,7/16/2026 5:15:00 PM,MINVIS1,Y,450,-450,,
7/16/2026 5:10:00 PM,RTD,7/16/2026 5:15:00 PM,VISLUZ1,Y,-80,80,,
7/16/2026 5:15:00 PM,RTD,7/16/2026 5:20:00 PM,MINVIS1,Y,450,-450,,
7/16/2026 5:15:00 PM,RTD,7/16/2026 5:20:00 PM,VISLUZ1,Y,-80,80,,
7/16/2026 5:20:00 PM,RTD,7/16/2026 5:25:00 PM,MINVIS1,Y,450,-450,,
7/16/2026 5:20:00 PM,RTD,7/16/2026 5:25:00 PM,VISLUZ1,Y,-80,80,,
7/16/2026 5:25:00 PM,RTD,7/16/2026 5:30:00 PM,MINVIS1,Y,450,-450,,
7/16/2026 5:25:00 PM,RTD,7/16/2026 5:30:00 PM,VISLUZ1,Y,-80,80,,
7/16/2026 5:30:00 PM,RTD,7/16/2026 5:35:00 PM,MINVIS1,Y,450,-450,,
7/16/2026 5:30:00 PM,RTD,7/16/2026 5:35:00 PM,VISLUZ1,Y,-80,80,,
7/16/2026 5:35:00 PM,RTD,7/16/2026 5:40:00 PM,MINVIS1,Y,450,-450,,
7/16/2026 5:35:00 PM,RTD,7/16/2026 5:40:00 PM,VISLUZ1,Y,-80,80,,
7/16/2026 5:40:00 PM,RTD,7/16/2026 5:45:00 PM,MINVIS1,Y,450,-450,,
7/16/2026 5:40:00 PM,RTD,7/16/2026 5:45:00 PM,VISLUZ1,Y,-80,80,,
7/16/2026 5:45:00 PM,RTD,7/16/2026 5:50:00 PM,MINVIS1,Y,450,-450,,
7/16/2026 5:45:00 PM,RTD,7/16/2026 5:50:00 PM,VISLUZ1,Y,-80,80,,
7/16/2026 5:50:00 PM,RTD,7/16/2026 5:55:00 PM,MINVIS1,Y,450,-450,,
7/16/2026 5:50:00 PM,RTD,7/16/2026 5:55:00 PM,VISLUZ1,Y,-80,80,,
7/16/2026 5:55:00 PM,RTD,7/16/2026 6:00:00 PM,MINVIS1,Y,450,-450,,
7/16/2026 5:55:00 PM,RTD,7/16/2026 6:00:00 PM,VISLUZ1,Y,-80,80,,
7/16/2026 6:00:00 PM,RTD,7/16/2026 6:05:00 PM,MINVIS1,Y,450,-450,,
7/16/2026 6:00:00 PM,RTD,7/16/2026 6:05:00 PM,VISLUZ1,Y,-80,80,,
7/16/2026 6:05:00 PM,RTD,7/16/2026 6:10:00 PM,MINVIS1,Y,450,-450,,
7/16/2026 6:05:00 PM,RTD,7/16/2026 6:10:00 PM,VISLUZ1,Y,-80,80,,
7/16/2026 6:10:00 PM,RTD,7/16/2026 6:15:00 PM,MINVIS1,Y,450,-450,,
7/16/2026 6:10:00 PM,RTD,7/16/2026 6:15:00 PM,VISLUZ1,Y,-80,80,,
7/16/2026 6:15:00 PM,RTD,7/16/2026 6:20:00 PM,MINVIS1,Y,450,-450,,
7/16/2026 6:15:00 PM,RTD,7/16/2026 6:20:00 PM,VISLUZ1,Y,-80,80,,
7/16/2026 6:20:00 PM,RTD,7/16/2026 6:25:00 PM,MINVIS1,Y,450,-450,,
7/16/2026 6:20:00 PM,RTD,7/16/2026 6:25:00 PM,VISLUZ1,Y,-80,80,,
7/16/2026 6:25:00 PM,RTD,7/16/2026 6:30:00 PM,MINVIS1,Y,450,-450,,
7/16/2026 6:25:00 PM,RTD,7/16/2026 6:30:00 PM,VISLUZ1,Y,-80,80,,
7/16/2026 6:30:00 PM,RTD,7/16/2026 6:35:00 PM,MINVIS1,Y,450,-450,,
7/16/2026 6:30:00 PM,RTD,7/16/2026 6:35:00 PM,VISLUZ1,Y,-80,80,,
7/16/2026 6:35:00 PM,RTD,7/16/2026 6:40:00 PM,MINVIS1,Y,450,-450,,
7/16/2026 6:35:00 PM,RTD,7/16/2026 6:40:00 PM,VISLUZ1,Y,-80,80,,
7/16/2026 6:40:00 PM,RTD,7/16/2026 6:45:00 PM,MINVIS1,Y,450,-450,,
7/16/2026 6:40:00 PM,RTD,7/16/2026 6:45:00 PM,VISLUZ1,Y,-80,80,,
7/16/2026 6:45:00 PM,RTD,7/16/2026 6:50:00 PM,MINVIS1,Y,450,-450,,
7/16/2026 6:45:00 PM,RTD,7/16/2026 6:50:00 PM,VISLUZ1,Y,-80,80,,
7/16/2026 6:50:00 PM,RTD,7/16/2026 6:55:00 PM,MINVIS1,Y,450,-450,,
7/16/2026 6:50:00 PM,RTD,7/16/2026 6:55:00 PM,VISLUZ1,Y,-80,80,,
7/16/2026 6:55:00 PM,RTD,7/16/2026 7:00:00 PM,MINVIS1,Y,450,-450,,
7/16/2026 6:55:00 PM,RTD,7/16/2026 7:00:00 PM,VISLUZ1,Y,-80,80,,
7/16/2026 7:00:00 PM,RTD,7/16/2026 7:05:00 PM,MINVIS1,Y,450,-450,,
7/16/2026 7:00:00 PM,RTD,7/16/2026 7:05:00 PM,VISLUZ1,Y,-80,80,,
7/16/2026 7:05:00 PM,RTD,7/16/2026 7:10:00 PM,MINVIS1,Y,450,-450,,
7/16/2026 7:05:00 PM,RTD,7/16/2026 7:10:00 PM,VISLUZ1,Y,-80,80,,
7/16/2026 7:10:00 PM,RTD,7/16/2026 7:15:00 PM,MINVIS1,Y,450,-450,,
7/16/2026 7:10:00 PM,RTD,7/16/2026 7:15:00 PM,VISLUZ1,Y,-80,80,,
7/16/2026 7:15:00 PM,RTD,7/16/2026 7:20:00 PM,MINVIS1,Y,450,-450,,
7/16/2026 7:15:00 PM,RTD,7/16/2026 7:20:00 PM,VISLUZ1,Y,-80,80,,
7/16/2026 7:20:00 PM,RTD,7/16/2026 7:25:00 PM,MINVIS1,Y,450,-450,,
7/16/2026 7:20:00 PM,RTD,7/16/2026 7:25:00 PM,VISLUZ1,Y,-80,80,,
7/16/2026 7:25:00 PM,RTD,7/16/2026 7:30:00 PM,MINVIS1,Y,450,-450,,
7/16/2026 7:25:00 PM,RTD,7/16/2026 7:30:00 PM,VISLUZ1,Y,-80,80,,
7/16/2026 7:30:00 PM,RTD,7/16/2026 7:35:00 PM,MINVIS1,Y,450,-450,,
7/16/2026 7:30:00 PM,RTD,7/16/2026 7:35:00 PM,VISLUZ1,Y,-80,80,,
7/16/2026 7:35:00 PM,RTD,7/16/2026 7:40:00 PM,MINVIS1,Y,450,-450,,
7/16/2026 7:35:00 PM,RTD,7/16/2026 7:40:00 PM,VISLUZ1,Y,-80,80,,
7/16/2026 7:40:00 PM,RTD,7/16/2026 7:45:00 PM,MINVIS1,Y,450,-450,,
7/16/2026 7:40:00 PM,RTD,7/16/2026 7:45:00 PM,VISLUZ1,Y,-80,80,,
7/16/2026 7:45:00 PM,RTD,7/16/2026 7:50:00 PM,MINVIS1,N,434.10,-434.10,,
7/16/2026 7:45:00 PM,RTD,7/16/2026 7:50:00 PM,VISLUZ1,Y,-150,150,,
7/16/2026 7:50:00 PM,RTD,7/16/2026 7:55:00 PM,MINVIS1,N,433.11,-433.11,,
7/16/2026 7:50:00 PM,RTD,7/16/2026 7:55:00 PM,VISLUZ1,Y,-150,150,,
7/16/2026 7:55:00 PM,RTD,7/16/2026 8:00:00 PM,MINVIS1,N,436.31,-436.31,,
7/16/2026 7:55:00 PM,RTD,7/16/2026 8:00:00 PM,VISLUZ1,Y,-150,150,,
7/16/2026 8:00:00 PM,RTD,7/16/2026 8:05:00 PM,MINVIS1,N,431.59,-431.59,,
7/16/2026 8:00:00 PM,RTD,7/16/2026 8:05:00 PM,VISLUZ1,Y,-150,150,,
7/16/2026 8:05:00 PM,RTD,7/16/2026 8:10:00 PM,MINVIS1,N,429.32,-429.32,,
7/16/2026 8:05:00 PM,RTD,7/16/2026 8:10:00 PM,VISLUZ1,Y,-150,150,,
7/16/2026 8:10:00 PM,RTD,7/16/2026 8:15:00 PM,MINVIS1,N,429.29,-429.29,,
7/16/2026 8:10:00 PM,RTD,7/16/2026 8:15:00 PM,VISLUZ1,Y,-150,150,,
7/16/2026 8:15:00 PM,RTD,7/16/2026 8:20:00 PM,MINVIS1,N,425.09,-425.09,,
7/16/2026 8:15:00 PM,RTD,7/16/2026 8:20:00 PM,VISLUZ1,Y,-150,150,,
7/16/2026 8:20:00 PM,RTD,7/16/2026 8:25:00 PM,MINVIS1,N,422.21,-422.21,,
7/16/2026 8:20:00 PM,RTD,7/16/2026 8:25:00 PM,VISLUZ1,Y,-150,150,,
7/16/2026 8:25:00 PM,RTD,7/16/2026 8:30:00 PM,MINVIS1,N,426.07,-426.07,,
7/16/2026 8:25:00 PM,RTD,7/16/2026 8:30:00 PM,VISLUZ1,Y,-150,150,,
7/16/2026 8:30:00 PM,RTD,7/16/2026 8:35:00 PM,MINVIS1,N,430.50,-430.50,,
7/16/2026 8:30:00 PM,RTD,7/16/2026 8:35:00 PM,VISLUZ1,Y,-150,150,,
7/16/2026 8:35:00 PM,RTD,7/16/2026 8:40:00 PM,MINVIS1,N,429.30,-429.30,,
7/16/2026 8:35:00 PM,RTD,7/16/2026 8:40:00 PM,VISLUZ1,Y,-150,150,,
7/16/2026 8:40:00 PM,RTD,7/16/2026 8:45:00 PM,MINVIS1,N,434.33,-434.33,,
7/16/2026 8:40:00 PM,RTD,7/16/2026 8:45:00 PM,VISLUZ1,Y,-150,150,,
7/16/2026 8:45:00 PM,RTD,7/16/2026 8:50:00 PM,MINVIS1,N,431.72,-431.72,,
7/16/2026 8:45:00 PM,RTD,7/16/2026 8:50:00 PM,VISLUZ1,Y,-150,150,,
7/16/2026 8:50:00 PM,RTD,7/16/2026 8:55:00 PM,MINVIS1,N,431.06,-431.06,,
7/16/2026 8:50:00 PM,RTD,7/16/2026 8:55:00 PM,VISLUZ1,Y,-150,150,,
7/16/2026 8:55:00 PM,RTD,7/16/2026 9:00:00 PM,MINVIS1,N,421.55,-421.55,,
7/16/2026 8:55:00 PM,RTD,7/16/2026 9:00:00 PM,VISLUZ1,Y,-150,150,,
7/16/2026 9:00:00 PM,RTD,7/16/2026 9:05:00 PM,MINVIS1,N,415.12,-415.12,,
7/16/2026 9:00:00 PM,RTD,7/16/2026 9:05:00 PM,VISLUZ1,Y,-150,150,,
7/16/2026 9:05:00 PM,RTD,7/16/2026 9:10:00 PM,MINVIS1,N,421.68,-421.68,,
7/16/2026 9:05:00 PM,RTD,7/16/2026 9:10:00 PM,VISLUZ1,Y,-150,150,,
7/16/2026 9:10:00 PM,RTD,7/16/2026 9:15:00 PM,MINVIS1,N,422.76,-422.76,,
7/16/2026 9:10:00 PM,RTD,7/16/2026 9:15:00 PM,VISLUZ1,N,-146.64,146.64,,
7/16/2026 9:15:00 PM,RTD,7/16/2026 9:20:00 PM,MINVIS1,N,416.15,-416.15,,
7/16/2026 9:15:00 PM,RTD,7/16/2026 9:20:00 PM,VISLUZ1,N,-147.48,147.48,,
7/16/2026 9:20:00 PM,RTD,7/16/2026 9:25:00 PM,MINVIS1,N,416.62,-416.62,,
7/16/2026 9:20:00 PM,RTD,7/16/2026 9:25:00 PM,VISLUZ1,N,-143.47,143.47,,
7/16/2026 9:25:00 PM,RTD,7/16/2026 9:30:00 PM,MINVIS1,N,408.85,-408.85,,
7/16/2026 9:25:00 PM,RTD,7/16/2026 9:30:00 PM,VISLUZ1,Y,-150,150,,
7/16/2026 9:30:00 PM,RTD,7/16/2026 9:35:00 PM,MINVIS1,N,401.46,-401.46,,
7/16/2026 9:30:00 PM,RTD,7/16/2026 9:35:00 PM,VISLUZ1,Y,-150,150,,
7/16/2026 9:35:00 PM,RTD,7/16/2026 9:40:00 PM,MINVIS1,N,407.11,-407.11,,
7/16/2026 9:35:00 PM,RTD,7/16/2026 9:40:00 PM,VISLUZ1,N,-140.59,140.59,,
7/16/2026 9:40:00 PM,RTD,7/16/2026 9:45:00 PM,MINVIS1,N,418.02,-418.02,,
7/16/2026 9:40:00 PM,RTD,7/16/2026 9:45:00 PM,VISLUZ1,N,-119.39,119.39,,
7/16/2026 9:45:00 PM,RTD,7/16/2026 9:50:00 PM,MINVIS1,N,409.43,-409.43,,
7/16/2026 9:45:00 PM,RTD,7/16/2026 9:50:00 PM,VISLUZ1,N,-119.14,119.14,,
7/16/2026 9:50:00 PM,RTD,7/16/2026 9:55:00 PM,MINVIS1,N,406.81,-406.81,,
7/16/2026 9:50:00 PM,RTD,7/16/2026 9:55:00 PM,VISLUZ1,N,-108.66,108.66,,
7/16/2026 9:55:00 PM,RTD,7/16/2026 10:00:00 PM,MINVIS1,N,403.81,-403.81,,
7/16/2026 9:55:00 PM,RTD,7/16/2026 10:00:00 PM,VISLUZ1,N,-103.91,103.91,,
7/16/2026 10:00:00 PM,RTD,7/16/2026 10:05:00 PM,MINVIS1,N,410.48,-410.48,,
7/16/2026 10:00:00 PM,RTD,7/16/2026 10:05:00 PM,VISLUZ1,N,-82.92,82.92,,
7/16/2026 10:05:00 PM,RTD,7/16/2026 10:10:00 PM,MINVIS1,N,388.87,-388.87,,
7/16/2026 10:05:00 PM,RTD,7/16/2026 10:10:00 PM,VISLUZ1,N,-101.17,101.17,,
7/16/2026 10:10:00 PM,RTD,7/16/2026 10:15:00 PM,MINVIS1,N,398.54,-398.54,,
7/16/2026 10:10:00 PM,RTD,7/16/2026 10:15:00 PM,VISLUZ1,N,-80.21,80.21,,
7/16/2026 10:15:00 PM,RTD,7/16/2026 10:20:00 PM,MINVIS1,N,401.83,-401.83,,
7/16/2026 10:15:00 PM,RTD,7/16/2026 10:20:00 PM,VISLUZ1,N,-91.14,91.14,,
7/16/2026 10:20:00 PM,RTD,7/16/2026 10:25:00 PM,MINVIS1,N,395.16,-395.16,,
7/16/2026 10:20:00 PM,RTD,7/16/2026 10:25:00 PM,VISLUZ1,N,-93.43,93.43,,
7/16/2026 10:25:00 PM,RTD,7/16/2026 10:30:00 PM,MINVIS1,N,389.80,-389.80,,
7/16/2026 10:25:00 PM,RTD,7/16/2026 10:30:00 PM,VISLUZ1,N,-91.81,91.81,,
7/16/2026 10:30:00 PM,RTD,7/16/2026 10:35:00 PM,MINVIS1,N,384.94,-384.94,,
7/16/2026 10:30:00 PM,RTD,7/16/2026 10:35:00 PM,VISLUZ1,N,-89.08,89.08,,
7/16/2026 10:35:00 PM,RTD,7/16/2026 10:40:00 PM,MINVIS1,N,389.19,-389.19,,
7/16/2026 10:35:00 PM,RTD,7/16/2026 10:40:00 PM,VISLUZ1,N,-67.95,67.95,,
7/16/2026 10:40:00 PM,RTD,7/16/2026 10:45:00 PM,MINVIS1,N,396.48,-396.48,,
7/16/2026 10:40:00 PM,RTD,7/16/2026 10:45:00 PM,VISLUZ1,N,-40.85,40.85,,
7/16/2026 10:45:00 PM,RTD,7/16/2026 10:50:00 PM,MINVIS1,N,396.63,-396.63,,
7/16/2026 10:45:00 PM,RTD,7/16/2026 10:50:00 PM,VISLUZ1,N,-34.91,34.91,,
7/16/2026 10:50:00 PM,RTD,7/16/2026 10:55:00 PM,MINVIS1,N,391.84,-391.84,,
7/16/2026 10:50:00 PM,RTD,7/16/2026 10:55:00 PM,VISLUZ1,N,-31.84,31.84,,
7/16/2026 10:55:00 PM,RTD,7/16/2026 11:00:00 PM,MINVIS1,N,403.42,-403.42,,
7/16/2026 10:55:00 PM,RTD,7/16/2026 11:00:00 PM,VISLUZ1,N,3.48,-3.48,,
7/16/2026 11:00:00 PM,RTD,7/16/2026 11:05:00 PM,MINVIS1,N,406.10,-406.10,,
7/16/2026 11:00:00 PM,RTD,7/16/2026 11:05:00 PM,VISLUZ1,N,18.83,-18.83,,
7/16/2026 11:05:00 PM,RTD,7/16/2026 11:10:00 PM,MINVIS1,N,418.23,-418.23,,
7/16/2026 11:05:00 PM,RTD,7/16/2026 11:10:00 PM,VISLUZ1,N,41.38,-41.38,,
7/16/2026 11:10:00 PM,RTD,7/16/2026 11:15:00 PM,MINVIS1,N,420.53,-420.53,,
7/16/2026 11:10:00 PM,RTD,7/16/2026 11:15:00 PM,VISLUZ1,N,46.22,-46.22,,
7/16/2026 11:15:00 PM,RTD,7/16/2026 11:20:00 PM,MINVIS1,N,430.13,-430.13,,
7/16/2026 11:15:00 PM,RTD,7/16/2026 11:20:00 PM,VISLUZ1,N,61.37,-61.37,,
7/16/2026 11:20:00 PM,RTD,7/16/2026 11:25:00 PM,MINVIS1,N,442.42,-442.42,,
7/16/2026 11:20:00 PM,RTD,7/16/2026 11:25:00 PM,VISLUZ1,N,82.22,-82.22,,
7/16/2026 11:25:00 PM,RTD,7/16/2026 11:30:00 PM,MINVIS1,N,449.68,-449.68,,
7/16/2026 11:25:00 PM,RTD,7/16/2026 11:30:00 PM,VISLUZ1,N,98.49,-98.49,,
7/16/2026 11:30:00 PM,RTD,7/16/2026 11:35:00 PM,MINVIS1,N,447.53,-447.53,,
7/16/2026 11:30:00 PM,RTD,7/16/2026 11:35:00 PM,VISLUZ1,N,92.46,-92.46,,
7/16/2026 11:35:00 PM,RTD,7/16/2026 11:40:00 PM,MINVIS1,Y,450,-450,,
7/16/2026 11:35:00 PM,RTD,7/16/2026 11:40:00 PM,VISLUZ1,N,105.02,-105.02,,
7/16/2026 11:40:00 PM,RTD,7/16/2026 11:45:00 PM,MINVIS1,Y,450,-450,,
7/16/2026 11:40:00 PM,RTD,7/16/2026 11:45:00 PM,VISLUZ1,N,111.91,-111.91,,
7/16/2026 11:45:00 PM,RTD,7/16/2026 11:50:00 PM,MINVIS1,Y,450,-450,,
7/16/2026 11:45:00 PM,RTD,7/16/2026 11:50:00 PM,VISLUZ1,N,109.64,-109.64,,
7/16/2026 11:50:00 PM,RTD,7/16/2026 11:55:00 PM,MINVIS1,Y,450,-450,,
7/16/2026 11:50:00 PM,RTD,7/16/2026 11:55:00 PM,VISLUZ1,N,118.21,-118.21,,
7/16/2026 11:55:00 PM,RTD,7/17/2026,MINVIS1,N,449.19,-449.19,,
7/16/2026 11:55:00 PM,RTD,7/17/2026,VISLUZ1,N,125.54,-125.54,,
EOF
