RUN_TIME,MKT_TYPE,TIME_INTERVAL,REGION_NAME,LWAP,
4/30/2026,DIPC,4/30/2026 12:05:00 AM,CLUZ,5782.1420,
4/30/2026,DIPC,4/30/2026 12:05:00 AM,CMIN,5784.8390,
4/30/2026,DIPC,4/30/2026 12:05:00 AM,CVIS,5767.7209,
4/30/2026,DIPC,4/30/2026 12:05:00 AM,SYSTEM,5780.6902,
4/30/2026 12:05:00 AM,DIPC,4/30/2026 12:10:00 AM,CLUZ,5706.2233,
4/30/2026 12:05:00 AM,DIPC,4/30/2026 12:10:00 AM,CMIN,5706.3805,
4/30/2026 12:05:00 AM,DIPC,4/30/2026 12:10:00 AM,CVIS,5689.1437,
4/30/2026 12:05:00 AM,DIPC,4/30/2026 12:10:00 AM,SYSTEM,5704.0775,
4/30/2026 12:10:00 AM,DIPC,4/30/2026 12:15:00 AM,CLUZ,5630.7723,
4/30/2026 12:10:00 AM,DIPC,4/30/2026 12:15:00 AM,CMIN,5631.8425,
4/30/2026 12:10:00 AM,DIPC,4/30/2026 12:15:00 AM,CVIS,5613.7280,
4/30/2026 12:10:00 AM,DIPC,4/30/2026 12:15:00 AM,SYSTEM,5628.7652,
4/30/2026 12:15:00 AM,DIPC,4/30/2026 12:20:00 AM,CLUZ,5508.6096,
4/30/2026 12:15:00 AM,DIPC,4/30/2026 12:20:00 AM,CMIN,5513.7129,
4/30/2026 12:15:00 AM,DIPC,4/30/2026 12:20:00 AM,CVIS,5493.7802,
4/30/2026 12:15:00 AM,DIPC,4/30/2026 12:20:00 AM,SYSTEM,5507.4461,
4/30/2026 12:20:00 AM,DIPC,4/30/2026 12:25:00 AM,CLUZ,5363.4321,
4/30/2026 12:20:00 AM,DIPC,4/30/2026 12:25:00 AM,CMIN,5368.5131,
4/30/2026 12:20:00 AM,DIPC,4/30/2026 12:25:00 AM,CVIS,5344.5456,
4/30/2026 12:20:00 AM,DIPC,4/30/2026 12:25:00 AM,SYSTEM,5361.7572,
4/30/2026 12:25:00 AM,DIPC,4/30/2026 12:30:00 AM,CLUZ,5209.3434,
4/30/2026 12:25:00 AM,DIPC,4/30/2026 12:30:00 AM,CMIN,5221.1495,
4/30/2026 12:25:00 AM,DIPC,4/30/2026 12:30:00 AM,CVIS,5197.0143,
4/30/2026 12:25:00 AM,DIPC,4/30/2026 12:30:00 AM,SYSTEM,5209.4617,
4/30/2026 12:30:00 AM,DIPC,4/30/2026 12:35:00 AM,CLUZ,5357.2708,
4/30/2026 12:30:00 AM,DIPC,4/30/2026 12:35:00 AM,CMIN,5359.5666,
4/30/2026 12:30:00 AM,DIPC,4/30/2026 12:35:00 AM,CVIS,5339.1503,
4/30/2026 12:30:00 AM,DIPC,4/30/2026 12:35:00 AM,SYSTEM,5355.3139,
4/30/2026 12:35:00 AM,DIPC,4/30/2026 12:40:00 AM,CLUZ,5368.9393,
4/30/2026 12:35:00 AM,DIPC,4/30/2026 12:40:00 AM,CMIN,5363.1857,
4/30/2026 12:35:00 AM,DIPC,4/30/2026 12:40:00 AM,CVIS,5351.0035,
4/30/2026 12:35:00 AM,DIPC,4/30/2026 12:40:00 AM,SYSTEM,5365.8861,
4/30/2026 12:40:00 AM,DIPC,4/30/2026 12:45:00 AM,CLUZ,5330.8848,
4/30/2026 12:40:00 AM,DIPC,4/30/2026 12:45:00 AM,CMIN,5327.3460,
4/30/2026 12:40:00 AM,DIPC,4/30/2026 12:45:00 AM,CVIS,5313.02,
4/30/2026 12:40:00 AM,DIPC,4/30/2026 12:45:00 AM,SYSTEM,5328.1578,
4/30/2026 12:45:00 AM,DIPC,4/30/2026 12:50:00 AM,CLUZ,5296.6929,
4/30/2026 12:45:00 AM,DIPC,4/30/2026 12:50:00 AM,CMIN,5298.3509,
4/30/2026 12:45:00 AM,DIPC,4/30/2026 12:50:00 AM,CVIS,5287.2799,
4/30/2026 12:45:00 AM,DIPC,4/30/2026 12:50:00 AM,SYSTEM,5295.7530,
4/30/2026 12:50:00 AM,DIPC,4/30/2026 12:55:00 AM,CLUZ,5310.2120,
4/30/2026 12:50:00 AM,DIPC,4/30/2026 12:55:00 AM,CMIN,5324.4187,
4/30/2026 12:50:00 AM,DIPC,4/30/2026 12:55:00 AM,CVIS,5307.6130,
4/30/2026 12:50:00 AM,DIPC,4/30/2026 12:55:00 AM,SYSTEM,5311.8716,
4/30/2026 12:55:00 AM,DIPC,4/30/2026 1:00:00 AM,CLUZ,5254.5561,
4/30/2026 12:55:00 AM,DIPC,4/30/2026 1:00:00 AM,CMIN,5262.4962,
4/30/2026 12:55:00 AM,DIPC,4/30/2026 1:00:00 AM,CVIS,5244.5865,
4/30/2026 12:55:00 AM,DIPC,4/30/2026 1:00:00 AM,SYSTEM,5254.4383,
4/30/2026 1:00:00 AM,DIPC,4/30/2026 1:05:00 AM,CLUZ,5320.6182,
4/30/2026 1:00:00 AM,DIPC,4/30/2026 1:05:00 AM,CMIN,5321.0654,
4/30/2026 1:00:00 AM,DIPC,4/30/2026 1:05:00 AM,CVIS,5303.6094,
4/30/2026 1:00:00 AM,DIPC,4/30/2026 1:05:00 AM,SYSTEM,5318.5498,
4/30/2026 1:05:00 AM,DIPC,4/30/2026 1:10:00 AM,CLUZ,5163.5901,
4/30/2026 1:05:00 AM,DIPC,4/30/2026 1:10:00 AM,CMIN,5165.9202,
4/30/2026 1:05:00 AM,DIPC,4/30/2026 1:10:00 AM,CVIS,5146.9005,
4/30/2026 1:05:00 AM,DIPC,4/30/2026 1:10:00 AM,SYSTEM,5161.8382,
4/30/2026 1:10:00 AM,DIPC,4/30/2026 1:15:00 AM,CLUZ,5219.8319,
4/30/2026 1:10:00 AM,DIPC,4/30/2026 1:15:00 AM,CMIN,5224.6364,
4/30/2026 1:10:00 AM,DIPC,4/30/2026 1:15:00 AM,CVIS,5205.8844,
4/30/2026 1:10:00 AM,DIPC,4/30/2026 1:15:00 AM,SYSTEM,5218.7577,
4/30/2026 1:15:00 AM,DIPC,4/30/2026 1:20:00 AM,CLUZ,5145.1657,
4/30/2026 1:15:00 AM,DIPC,4/30/2026 1:20:00 AM,CMIN,5152.4261,
4/30/2026 1:15:00 AM,DIPC,4/30/2026 1:20:00 AM,CVIS,5133.1437,
4/30/2026 1:15:00 AM,DIPC,4/30/2026 1:20:00 AM,SYSTEM,5144.6761,
4/30/2026 1:20:00 AM,DIPC,4/30/2026 1:25:00 AM,CLUZ,5181.2537,
4/30/2026 1:20:00 AM,DIPC,4/30/2026 1:25:00 AM,CMIN,5194.1165,
4/30/2026 1:20:00 AM,DIPC,4/30/2026 1:25:00 AM,CVIS,5187.7450,
4/30/2026 1:20:00 AM,DIPC,4/30/2026 1:25:00 AM,SYSTEM,5183.8551,
4/30/2026 1:25:00 AM,DIPC,4/30/2026 1:30:00 AM,CLUZ,5227.2423,
4/30/2026 1:25:00 AM,DIPC,4/30/2026 1:30:00 AM,CMIN,5222.5017,
4/30/2026 1:25:00 AM,DIPC,4/30/2026 1:30:00 AM,CVIS,5222.1772,
4/30/2026 1:25:00 AM,DIPC,4/30/2026 1:30:00 AM,SYSTEM,5225.9484,
4/30/2026 1:30:00 AM,DIPC,4/30/2026 1:35:00 AM,CLUZ,5230.2501,
4/30/2026 1:30:00 AM,DIPC,4/30/2026 1:35:00 AM,CMIN,5230.7630,
4/30/2026 1:30:00 AM,DIPC,4/30/2026 1:35:00 AM,CVIS,5225.2344,
4/30/2026 1:30:00 AM,DIPC,4/30/2026 1:35:00 AM,SYSTEM,5229.6963,
4/30/2026 1:35:00 AM,DIPC,4/30/2026 1:40:00 AM,CLUZ,5244.1367,
4/30/2026 1:35:00 AM,DIPC,4/30/2026 1:40:00 AM,CMIN,5238.5478,
4/30/2026 1:35:00 AM,DIPC,4/30/2026 1:40:00 AM,CVIS,5242.1621,
4/30/2026 1:35:00 AM,DIPC,4/30/2026 1:40:00 AM,SYSTEM,5243.1038,
4/30/2026 1:40:00 AM,DIPC,4/30/2026 1:45:00 AM,CLUZ,5189.9355,
4/30/2026 1:40:00 AM,DIPC,4/30/2026 1:45:00 AM,CMIN,5187.9132,
4/30/2026 1:40:00 AM,DIPC,4/30/2026 1:45:00 AM,CVIS,5176.5874,
4/30/2026 1:40:00 AM,DIPC,4/30/2026 1:45:00 AM,SYSTEM,5187.9987,
4/30/2026 1:45:00 AM,DIPC,4/30/2026 1:50:00 AM,CLUZ,5225.1510,
4/30/2026 1:45:00 AM,DIPC,4/30/2026 1:50:00 AM,CMIN,5228.8653,
4/30/2026 1:45:00 AM,DIPC,4/30/2026 1:50:00 AM,CVIS,5213.3927,
4/30/2026 1:45:00 AM,DIPC,4/30/2026 1:50:00 AM,SYSTEM,5224.1993,
4/30/2026 1:50:00 AM,DIPC,4/30/2026 1:55:00 AM,CLUZ,5193.4720,
4/30/2026 1:50:00 AM,DIPC,4/30/2026 1:55:00 AM,CMIN,5198.0609,
4/30/2026 1:50:00 AM,DIPC,4/30/2026 1:55:00 AM,CVIS,5182.8291,
4/30/2026 1:50:00 AM,DIPC,4/30/2026 1:55:00 AM,SYSTEM,5192.7867,
4/30/2026 1:55:00 AM,DIPC,4/30/2026 2:00:00 AM,CLUZ,5181.6254,
4/30/2026 1:55:00 AM,DIPC,4/30/2026 2:00:00 AM,CMIN,5173.8824,
4/30/2026 1:55:00 AM,DIPC,4/30/2026 2:00:00 AM,CVIS,5165.8787,
4/30/2026 1:55:00 AM,DIPC,4/30/2026 2:00:00 AM,SYSTEM,5178.5592,
4/30/2026 2:00:00 AM,DIPC,4/30/2026 2:05:00 AM,CLUZ,5564.5607,
4/30/2026 2:00:00 AM,DIPC,4/30/2026 2:05:00 AM,CMIN,5573.1653,
4/30/2026 2:00:00 AM,DIPC,4/30/2026 2:05:00 AM,CVIS,5561.4850,
4/30/2026 2:00:00 AM,DIPC,4/30/2026 2:05:00 AM,SYSTEM,5565.3832,
4/30/2026 2:05:00 AM,DIPC,4/30/2026 2:10:00 AM,CLUZ,5265.6575,
4/30/2026 2:05:00 AM,DIPC,4/30/2026 2:10:00 AM,CMIN,5265.4082,
4/30/2026 2:05:00 AM,DIPC,4/30/2026 2:10:00 AM,CVIS,5264.5776,
4/30/2026 2:05:00 AM,DIPC,4/30/2026 2:10:00 AM,SYSTEM,5265.4901,
4/30/2026 2:10:00 AM,DIPC,4/30/2026 2:15:00 AM,CLUZ,5155.4993,
4/30/2026 2:10:00 AM,DIPC,4/30/2026 2:15:00 AM,CMIN,5166.2935,
4/30/2026 2:10:00 AM,DIPC,4/30/2026 2:15:00 AM,CVIS,5162.8936,
4/30/2026 2:10:00 AM,DIPC,4/30/2026 2:15:00 AM,SYSTEM,5157.8986,
4/30/2026 2:15:00 AM,DIPC,4/30/2026 2:20:00 AM,CLUZ,5193.8168,
4/30/2026 2:15:00 AM,DIPC,4/30/2026 2:20:00 AM,CMIN,5190.2963,
4/30/2026 2:15:00 AM,DIPC,4/30/2026 2:20:00 AM,CVIS,5192.1904,
4/30/2026 2:15:00 AM,DIPC,4/30/2026 2:20:00 AM,SYSTEM,5193.1214,
4/30/2026 2:20:00 AM,DIPC,4/30/2026 2:25:00 AM,CLUZ,5204.2825,
4/30/2026 2:20:00 AM,DIPC,4/30/2026 2:25:00 AM,CMIN,5206.1533,
4/30/2026 2:20:00 AM,DIPC,4/30/2026 2:25:00 AM,CVIS,5196.0486,
4/30/2026 2:20:00 AM,DIPC,4/30/2026 2:25:00 AM,SYSTEM,5203.5252,
4/30/2026 2:25:00 AM,DIPC,4/30/2026 2:30:00 AM,CLUZ,5195.6614,
4/30/2026 2:25:00 AM,DIPC,4/30/2026 2:30:00 AM,CMIN,5190.8410,
4/30/2026 2:25:00 AM,DIPC,4/30/2026 2:30:00 AM,CVIS,5182.9923,
4/30/2026 2:25:00 AM,DIPC,4/30/2026 2:30:00 AM,SYSTEM,5193.3965,
4/30/2026 2:30:00 AM,DIPC,4/30/2026 2:35:00 AM,CLUZ,5214.8517,
4/30/2026 2:30:00 AM,DIPC,4/30/2026 2:35:00 AM,CMIN,5206.3735,
4/30/2026 2:30:00 AM,DIPC,4/30/2026 2:35:00 AM,CVIS,5206.2554,
4/30/2026 2:30:00 AM,DIPC,4/30/2026 2:35:00 AM,SYSTEM,5212.5845,
4/30/2026 2:35:00 AM,DIPC,4/30/2026 2:40:00 AM,CLUZ,5367.0457,
4/30/2026 2:35:00 AM,DIPC,4/30/2026 2:40:00 AM,CMIN,5363.9812,
4/30/2026 2:35:00 AM,DIPC,4/30/2026 2:40:00 AM,CVIS,5358.9050,
4/30/2026 2:35:00 AM,DIPC,4/30/2026 2:40:00 AM,SYSTEM,5365.5953,
4/30/2026 2:40:00 AM,DIPC,4/30/2026 2:45:00 AM,CLUZ,5259.9874,
4/30/2026 2:40:00 AM,DIPC,4/30/2026 2:45:00 AM,CMIN,5259.9526,
4/30/2026 2:40:00 AM,DIPC,4/30/2026 2:45:00 AM,CVIS,5257.9559,
4/30/2026 2:40:00 AM,DIPC,4/30/2026 2:45:00 AM,SYSTEM,5259.7286,
4/30/2026 2:45:00 AM,DIPC,4/30/2026 2:50:00 AM,CLUZ,5223.1829,
4/30/2026 2:45:00 AM,DIPC,4/30/2026 2:50:00 AM,CMIN,5217.3999,
4/30/2026 2:45:00 AM,DIPC,4/30/2026 2:50:00 AM,CVIS,5212.4239,
4/30/2026 2:45:00 AM,DIPC,4/30/2026 2:50:00 AM,SYSTEM,5221.0218,
4/30/2026 2:50:00 AM,DIPC,4/30/2026 2:55:00 AM,CLUZ,5341.7762,
4/30/2026 2:50:00 AM,DIPC,4/30/2026 2:55:00 AM,CMIN,5344.7959,
4/30/2026 2:50:00 AM,DIPC,4/30/2026 2:55:00 AM,CVIS,5335.2254,
4/30/2026 2:50:00 AM,DIPC,4/30/2026 2:55:00 AM,SYSTEM,5341.3842,
4/30/2026 2:55:00 AM,DIPC,4/30/2026 3:00:00 AM,CLUZ,5315.8054,
4/30/2026 2:55:00 AM,DIPC,4/30/2026 3:00:00 AM,CMIN,5300.1017,
4/30/2026 2:55:00 AM,DIPC,4/30/2026 3:00:00 AM,CVIS,5303.8701,
4/30/2026 2:55:00 AM,DIPC,4/30/2026 3:00:00 AM,SYSTEM,5312.1456,
4/30/2026 3:00:00 AM,DIPC,4/30/2026 3:05:00 AM,CLUZ,5669.3230,
4/30/2026 3:00:00 AM,DIPC,4/30/2026 3:05:00 AM,CMIN,5661.2525,
4/30/2026 3:00:00 AM,DIPC,4/30/2026 3:05:00 AM,CVIS,5662.1832,
4/30/2026 3:00:00 AM,DIPC,4/30/2026 3:05:00 AM,SYSTEM,5667.3220,
4/30/2026 3:05:00 AM,DIPC,4/30/2026 3:10:00 AM,CLUZ,5515.6145,
4/30/2026 3:05:00 AM,DIPC,4/30/2026 3:10:00 AM,CMIN,5510.1381,
4/30/2026 3:05:00 AM,DIPC,4/30/2026 3:10:00 AM,CVIS,5508.8207,
4/30/2026 3:05:00 AM,DIPC,4/30/2026 3:10:00 AM,SYSTEM,5514.0062,
4/30/2026 3:10:00 AM,DIPC,4/30/2026 3:15:00 AM,CLUZ,5303.3248,
4/30/2026 3:10:00 AM,DIPC,4/30/2026 3:15:00 AM,CMIN,5288.8815,
4/30/2026 3:10:00 AM,DIPC,4/30/2026 3:15:00 AM,CVIS,5292.8166,
4/30/2026 3:10:00 AM,DIPC,4/30/2026 3:15:00 AM,SYSTEM,5300.0018,
4/30/2026 3:15:00 AM,DIPC,4/30/2026 3:20:00 AM,CLUZ,5349.1116,
4/30/2026 3:15:00 AM,DIPC,4/30/2026 3:20:00 AM,CMIN,5325.6166,
4/30/2026 3:15:00 AM,DIPC,4/30/2026 3:20:00 AM,CVIS,5344.9838,
4/30/2026 3:15:00 AM,DIPC,4/30/2026 3:20:00 AM,SYSTEM,5345.3296,
4/30/2026 3:20:00 AM,DIPC,4/30/2026 3:25:00 AM,CLUZ,5338.6090,
4/30/2026 3:20:00 AM,DIPC,4/30/2026 3:25:00 AM,CMIN,5323.5345,
4/30/2026 3:20:00 AM,DIPC,4/30/2026 3:25:00 AM,CVIS,5336.7440,
4/30/2026 3:20:00 AM,DIPC,4/30/2026 3:25:00 AM,SYSTEM,5336.2613,
4/30/2026 3:25:00 AM,DIPC,4/30/2026 3:30:00 AM,CLUZ,5268.5686,
4/30/2026 3:25:00 AM,DIPC,4/30/2026 3:30:00 AM,CMIN,5249.3638,
4/30/2026 3:25:00 AM,DIPC,4/30/2026 3:30:00 AM,CVIS,5260.8219,
4/30/2026 3:25:00 AM,DIPC,4/30/2026 3:30:00 AM,SYSTEM,5264.9175,
4/30/2026 3:30:00 AM,DIPC,4/30/2026 3:35:00 AM,CLUZ,5279.1657,
4/30/2026 3:30:00 AM,DIPC,4/30/2026 3:35:00 AM,CMIN,5258.9133,
4/30/2026 3:30:00 AM,DIPC,4/30/2026 3:35:00 AM,CVIS,5268.6723,
4/30/2026 3:30:00 AM,DIPC,4/30/2026 3:35:00 AM,SYSTEM,5275.0089,
4/30/2026 3:35:00 AM,DIPC,4/30/2026 3:40:00 AM,CLUZ,5249.4590,
4/30/2026 3:35:00 AM,DIPC,4/30/2026 3:40:00 AM,CMIN,5244.8026,
4/30/2026 3:35:00 AM,DIPC,4/30/2026 3:40:00 AM,CVIS,5236.6376,
4/30/2026 3:35:00 AM,DIPC,4/30/2026 3:40:00 AM,SYSTEM,5247.2123,
4/30/2026 3:40:00 AM,DIPC,4/30/2026 3:45:00 AM,CLUZ,5264.1346,
4/30/2026 3:40:00 AM,DIPC,4/30/2026 3:45:00 AM,CMIN,5260.3234,
4/30/2026 3:40:00 AM,DIPC,4/30/2026 3:45:00 AM,CVIS,5251.3049,
4/30/2026 3:40:00 AM,DIPC,4/30/2026 3:45:00 AM,SYSTEM,5262.0037,
4/30/2026 3:45:00 AM,DIPC,4/30/2026 3:50:00 AM,CLUZ,5256.4536,
4/30/2026 3:45:00 AM,DIPC,4/30/2026 3:50:00 AM,CMIN,5239.1752,
4/30/2026 3:45:00 AM,DIPC,4/30/2026 3:50:00 AM,CVIS,5243.3956,
4/30/2026 3:45:00 AM,DIPC,4/30/2026 3:50:00 AM,SYSTEM,5252.3991,
4/30/2026 3:50:00 AM,DIPC,4/30/2026 3:55:00 AM,CLUZ,5263.8956,
4/30/2026 3:50:00 AM,DIPC,4/30/2026 3:55:00 AM,CMIN,5264.9683,
4/30/2026 3:50:00 AM,DIPC,4/30/2026 3:55:00 AM,CVIS,5251.7519,
4/30/2026 3:50:00 AM,DIPC,4/30/2026 3:55:00 AM,SYSTEM,5262.5395,
4/30/2026 3:55:00 AM,DIPC,4/30/2026 4:00:00 AM,CLUZ,5231.2054,
4/30/2026 3:55:00 AM,DIPC,4/30/2026 4:00:00 AM,CMIN,5234.4891,
4/30/2026 3:55:00 AM,DIPC,4/30/2026 4:00:00 AM,CVIS,5220.8144,
4/30/2026 3:55:00 AM,DIPC,4/30/2026 4:00:00 AM,SYSTEM,5230.3848,
4/30/2026 4:00:00 AM,DIPC,4/30/2026 4:05:00 AM,CLUZ,5281.0291,
4/30/2026 4:00:00 AM,DIPC,4/30/2026 4:05:00 AM,CMIN,5277.9546,
4/30/2026 4:00:00 AM,DIPC,4/30/2026 4:05:00 AM,CVIS,5270.7957,
4/30/2026 4:00:00 AM,DIPC,4/30/2026 4:05:00 AM,SYSTEM,5279.3191,
4/30/2026 4:05:00 AM,DIPC,4/30/2026 4:10:00 AM,CLUZ,5410.3345,
4/30/2026 4:05:00 AM,DIPC,4/30/2026 4:10:00 AM,CMIN,5410.5470,
4/30/2026 4:05:00 AM,DIPC,4/30/2026 4:10:00 AM,CVIS,5398.7985,
4/30/2026 4:05:00 AM,DIPC,4/30/2026 4:10:00 AM,SYSTEM,5408.9303,
4/30/2026 4:10:00 AM,DIPC,4/30/2026 4:15:00 AM,CLUZ,5436.6533,
4/30/2026 4:10:00 AM,DIPC,4/30/2026 4:15:00 AM,CMIN,5437.1670,
4/30/2026 4:10:00 AM,DIPC,4/30/2026 4:15:00 AM,CVIS,5424.2507,
4/30/2026 4:10:00 AM,DIPC,4/30/2026 4:15:00 AM,SYSTEM,5435.1847,
4/30/2026 4:15:00 AM,DIPC,4/30/2026 4:20:00 AM,CLUZ,5311.8443,
4/30/2026 4:15:00 AM,DIPC,4/30/2026 4:20:00 AM,CMIN,5311.9208,
4/30/2026 4:15:00 AM,DIPC,4/30/2026 4:20:00 AM,CVIS,5300.0424,
4/30/2026 4:15:00 AM,DIPC,4/30/2026 4:20:00 AM,SYSTEM,5310.3908,
4/30/2026 4:20:00 AM,DIPC,4/30/2026 4:25:00 AM,CLUZ,5383.3354,
4/30/2026 4:20:00 AM,DIPC,4/30/2026 4:25:00 AM,CMIN,5386.5208,
4/30/2026 4:20:00 AM,DIPC,4/30/2026 4:25:00 AM,CVIS,5373.1744,
4/30/2026 4:20:00 AM,DIPC,4/30/2026 4:25:00 AM,SYSTEM,5382.5303,
4/30/2026 4:25:00 AM,DIPC,4/30/2026 4:30:00 AM,CLUZ,5403.2228,
4/30/2026 4:25:00 AM,DIPC,4/30/2026 4:30:00 AM,CMIN,5406.2945,
4/30/2026 4:25:00 AM,DIPC,4/30/2026 4:30:00 AM,CVIS,5392.7863,
4/30/2026 4:25:00 AM,DIPC,4/30/2026 4:30:00 AM,SYSTEM,5402.3734,
4/30/2026 4:30:00 AM,DIPC,4/30/2026 4:35:00 AM,CLUZ,5314.7092,
4/30/2026 4:30:00 AM,DIPC,4/30/2026 4:35:00 AM,CMIN,5316.3459,
4/30/2026 4:30:00 AM,DIPC,4/30/2026 4:35:00 AM,CVIS,5305.8814,
4/30/2026 4:30:00 AM,DIPC,4/30/2026 4:35:00 AM,SYSTEM,5313.8513,
4/30/2026 4:35:00 AM,DIPC,4/30/2026 4:40:00 AM,CLUZ,5705.3740,
4/30/2026 4:35:00 AM,DIPC,4/30/2026 4:40:00 AM,CMIN,5703.4751,
4/30/2026 4:35:00 AM,DIPC,4/30/2026 4:40:00 AM,CVIS,5697.3029,
4/30/2026 4:35:00 AM,DIPC,4/30/2026 4:40:00 AM,SYSTEM,5704.1075,
4/30/2026 4:40:00 AM,DIPC,4/30/2026 4:45:00 AM,CLUZ,5715.0265,
4/30/2026 4:40:00 AM,DIPC,4/30/2026 4:45:00 AM,CMIN,5716.7523,
4/30/2026 4:40:00 AM,DIPC,4/30/2026 4:45:00 AM,CVIS,5705.9296,
4/30/2026 4:40:00 AM,DIPC,4/30/2026 4:45:00 AM,SYSTEM,5714.1433,
4/30/2026 4:45:00 AM,DIPC,4/30/2026 4:50:00 AM,CLUZ,5470.7629,
4/30/2026 4:45:00 AM,DIPC,4/30/2026 4:50:00 AM,CMIN,5473.9651,
4/30/2026 4:45:00 AM,DIPC,4/30/2026 4:50:00 AM,CVIS,5465.4020,
4/30/2026 4:45:00 AM,DIPC,4/30/2026 4:50:00 AM,SYSTEM,5470.5529,
4/30/2026 4:50:00 AM,DIPC,4/30/2026 4:55:00 AM,CLUZ,5492.2203,
4/30/2026 4:50:00 AM,DIPC,4/30/2026 4:55:00 AM,CMIN,5492.3129,
4/30/2026 4:50:00 AM,DIPC,4/30/2026 4:55:00 AM,CVIS,5482.3514,
4/30/2026 4:50:00 AM,DIPC,4/30/2026 4:55:00 AM,SYSTEM,5491.0092,
4/30/2026 4:55:00 AM,DIPC,4/30/2026 5:00:00 AM,CLUZ,5446.7222,
4/30/2026 4:55:00 AM,DIPC,4/30/2026 5:00:00 AM,CMIN,5451.8449,
4/30/2026 4:55:00 AM,DIPC,4/30/2026 5:00:00 AM,CVIS,5439.2181,
4/30/2026 4:55:00 AM,DIPC,4/30/2026 5:00:00 AM,SYSTEM,5446.5236,
4/30/2026 5:00:00 AM,DIPC,4/30/2026 5:05:00 AM,CLUZ,5704.5853,
4/30/2026 5:00:00 AM,DIPC,4/30/2026 5:05:00 AM,CMIN,5704.7333,
4/30/2026 5:00:00 AM,DIPC,4/30/2026 5:05:00 AM,CVIS,5698.0241,
4/30/2026 5:00:00 AM,DIPC,4/30/2026 5:05:00 AM,SYSTEM,5703.7959,
4/30/2026 5:05:00 AM,DIPC,4/30/2026 5:10:00 AM,CLUZ,5856.9136,
4/30/2026 5:05:00 AM,DIPC,4/30/2026 5:10:00 AM,CMIN,5857.2006,
4/30/2026 5:05:00 AM,DIPC,4/30/2026 5:10:00 AM,CVIS,5849.3470,
4/30/2026 5:05:00 AM,DIPC,4/30/2026 5:10:00 AM,SYSTEM,5856.0164,
4/30/2026 5:10:00 AM,DIPC,4/30/2026 5:15:00 AM,CLUZ,5831.8759,
4/30/2026 5:10:00 AM,DIPC,4/30/2026 5:15:00 AM,CMIN,5833.8367,
4/30/2026 5:10:00 AM,DIPC,4/30/2026 5:15:00 AM,CVIS,5825.5927,
4/30/2026 5:10:00 AM,DIPC,4/30/2026 5:15:00 AM,SYSTEM,5831.3766,
4/30/2026 5:15:00 AM,DIPC,4/30/2026 5:20:00 AM,CLUZ,5825.0863,
4/30/2026 5:15:00 AM,DIPC,4/30/2026 5:20:00 AM,CMIN,5827.0748,
4/30/2026 5:15:00 AM,DIPC,4/30/2026 5:20:00 AM,CVIS,5819.6781,
4/30/2026 5:15:00 AM,DIPC,4/30/2026 5:20:00 AM,SYSTEM,5824.7028,
4/30/2026 5:20:00 AM,DIPC,4/30/2026 5:25:00 AM,CLUZ,5778.1495,
4/30/2026 5:20:00 AM,DIPC,4/30/2026 5:25:00 AM,CMIN,5782.0912,
4/30/2026 5:20:00 AM,DIPC,4/30/2026 5:25:00 AM,CVIS,5774.4159,
4/30/2026 5:20:00 AM,DIPC,4/30/2026 5:25:00 AM,SYSTEM,5778.2568,
4/30/2026 5:25:00 AM,DIPC,4/30/2026 5:30:00 AM,CLUZ,5861.5833,
4/30/2026 5:25:00 AM,DIPC,4/30/2026 5:30:00 AM,CMIN,5867.2828,
4/30/2026 5:25:00 AM,DIPC,4/30/2026 5:30:00 AM,CVIS,5859.6224,
4/30/2026 5:25:00 AM,DIPC,4/30/2026 5:30:00 AM,SYSTEM,5862.1647,
4/30/2026 5:30:00 AM,DIPC,4/30/2026 5:35:00 AM,CLUZ,5878.8477,
4/30/2026 5:30:00 AM,DIPC,4/30/2026 5:35:00 AM,CMIN,5880.2524,
4/30/2026 5:30:00 AM,DIPC,4/30/2026 5:35:00 AM,CVIS,5881.4637,
4/30/2026 5:30:00 AM,DIPC,4/30/2026 5:35:00 AM,SYSTEM,5879.3774,
4/30/2026 5:35:00 AM,DIPC,4/30/2026 5:40:00 AM,CLUZ,5834.8569,
4/30/2026 5:35:00 AM,DIPC,4/30/2026 5:40:00 AM,CMIN,5829.4971,
4/30/2026 5:35:00 AM,DIPC,4/30/2026 5:40:00 AM,CVIS,5834.3159,
4/30/2026 5:35:00 AM,DIPC,4/30/2026 5:40:00 AM,SYSTEM,5834.0211,
4/30/2026 5:40:00 AM,DIPC,4/30/2026 5:45:00 AM,CLUZ,5874.0366,
4/30/2026 5:40:00 AM,DIPC,4/30/2026 5:45:00 AM,CMIN,5873.1879,
4/30/2026 5:40:00 AM,DIPC,4/30/2026 5:45:00 AM,CVIS,5877.1771,
4/30/2026 5:40:00 AM,DIPC,4/30/2026 5:45:00 AM,SYSTEM,5874.3079,
4/30/2026 5:45:00 AM,DIPC,4/30/2026 5:50:00 AM,CLUZ,5870.8372,
4/30/2026 5:45:00 AM,DIPC,4/30/2026 5:50:00 AM,CMIN,5881.8167,
4/30/2026 5:45:00 AM,DIPC,4/30/2026 5:50:00 AM,CVIS,5881.1254,
4/30/2026 5:45:00 AM,DIPC,4/30/2026 5:50:00 AM,SYSTEM,5873.7077,
4/30/2026 5:50:00 AM,DIPC,4/30/2026 5:55:00 AM,CLUZ,5882.8204,
4/30/2026 5:50:00 AM,DIPC,4/30/2026 5:55:00 AM,CMIN,5887.1088,
4/30/2026 5:50:00 AM,DIPC,4/30/2026 5:55:00 AM,CVIS,5885.2622,
4/30/2026 5:50:00 AM,DIPC,4/30/2026 5:55:00 AM,SYSTEM,5883.7488,
4/30/2026 5:55:00 AM,DIPC,4/30/2026 6:00:00 AM,CLUZ,5913.0247,
4/30/2026 5:55:00 AM,DIPC,4/30/2026 6:00:00 AM,CMIN,5917.4751,
4/30/2026 5:55:00 AM,DIPC,4/30/2026 6:00:00 AM,CVIS,5917.2219,
4/30/2026 5:55:00 AM,DIPC,4/30/2026 6:00:00 AM,SYSTEM,5914.2016,
4/30/2026 6:00:00 AM,DIPC,4/30/2026 6:05:00 AM,CLUZ,5846.0010,
4/30/2026 6:00:00 AM,DIPC,4/30/2026 6:05:00 AM,CMIN,5846.1680,
4/30/2026 6:00:00 AM,DIPC,4/30/2026 6:05:00 AM,CVIS,5846.6037,
4/30/2026 6:00:00 AM,DIPC,4/30/2026 6:05:00 AM,SYSTEM,5846.1021,
4/30/2026 6:05:00 AM,DIPC,4/30/2026 6:10:00 AM,CLUZ,5882.1310,
4/30/2026 6:05:00 AM,DIPC,4/30/2026 6:10:00 AM,CMIN,5880.4937,
4/30/2026 6:05:00 AM,DIPC,4/30/2026 6:10:00 AM,CVIS,5880.2373,
4/30/2026 6:05:00 AM,DIPC,4/30/2026 6:10:00 AM,SYSTEM,5881.6493,
4/30/2026 6:10:00 AM,DIPC,4/30/2026 6:15:00 AM,CLUZ,5897.8086,
4/30/2026 6:10:00 AM,DIPC,4/30/2026 6:15:00 AM,CMIN,5900.1423,
4/30/2026 6:10:00 AM,DIPC,4/30/2026 6:15:00 AM,CVIS,5898.8537,
4/30/2026 6:10:00 AM,DIPC,4/30/2026 6:15:00 AM,SYSTEM,5898.2778,
4/30/2026 6:15:00 AM,DIPC,4/30/2026 6:20:00 AM,CLUZ,5867.5584,
4/30/2026 6:15:00 AM,DIPC,4/30/2026 6:20:00 AM,CMIN,5870.4132,
4/30/2026 6:15:00 AM,DIPC,4/30/2026 6:20:00 AM,CVIS,5865.2410,
4/30/2026 6:15:00 AM,DIPC,4/30/2026 6:20:00 AM,SYSTEM,5867.6773,
4/30/2026 6:20:00 AM,DIPC,4/30/2026 6:25:00 AM,CLUZ,5760.3663,
4/30/2026 6:20:00 AM,DIPC,4/30/2026 6:25:00 AM,CMIN,5766.6730,
4/30/2026 6:20:00 AM,DIPC,4/30/2026 6:25:00 AM,CVIS,5761.2156,
4/30/2026 6:20:00 AM,DIPC,4/30/2026 6:25:00 AM,SYSTEM,5761.3915,
4/30/2026 6:25:00 AM,DIPC,4/30/2026 6:30:00 AM,CLUZ,5635.6797,
4/30/2026 6:25:00 AM,DIPC,4/30/2026 6:30:00 AM,CMIN,5637.1096,
4/30/2026 6:25:00 AM,DIPC,4/30/2026 6:30:00 AM,CVIS,5630.8211,
4/30/2026 6:25:00 AM,DIPC,4/30/2026 6:30:00 AM,SYSTEM,5635.2710,
4/30/2026 6:30:00 AM,DIPC,4/30/2026 6:35:00 AM,CLUZ,5329.6497,
4/30/2026 6:30:00 AM,DIPC,4/30/2026 6:35:00 AM,CMIN,5330.2193,
4/30/2026 6:30:00 AM,DIPC,4/30/2026 6:35:00 AM,CVIS,5322.5543,
4/30/2026 6:30:00 AM,DIPC,4/30/2026 6:35:00 AM,SYSTEM,5328.8326,
4/30/2026 6:35:00 AM,DIPC,4/30/2026 6:40:00 AM,CLUZ,4657.1641,
4/30/2026 6:35:00 AM,DIPC,4/30/2026 6:40:00 AM,CMIN,4657.0455,
4/30/2026 6:35:00 AM,DIPC,4/30/2026 6:40:00 AM,CVIS,4650.4953,
4/30/2026 6:35:00 AM,DIPC,4/30/2026 6:40:00 AM,SYSTEM,4656.3004,
4/30/2026 6:40:00 AM,DIPC,4/30/2026 6:45:00 AM,CLUZ,4945.2995,
4/30/2026 6:40:00 AM,DIPC,4/30/2026 6:45:00 AM,CMIN,4945.6148,
4/30/2026 6:40:00 AM,DIPC,4/30/2026 6:45:00 AM,CVIS,4940.0992,
4/30/2026 6:40:00 AM,DIPC,4/30/2026 6:45:00 AM,SYSTEM,4944.6943,
4/30/2026 6:45:00 AM,DIPC,4/30/2026 6:50:00 AM,CLUZ,5000.6557,
4/30/2026 6:45:00 AM,DIPC,4/30/2026 6:50:00 AM,CMIN,5000.5311,
4/30/2026 6:45:00 AM,DIPC,4/30/2026 6:50:00 AM,CVIS,4995.5216,
4/30/2026 6:45:00 AM,DIPC,4/30/2026 6:50:00 AM,SYSTEM,4999.9872,
4/30/2026 6:50:00 AM,DIPC,4/30/2026 6:55:00 AM,CLUZ,4940.9314,
4/30/2026 6:50:00 AM,DIPC,4/30/2026 6:55:00 AM,CMIN,4940.5897,
4/30/2026 6:50:00 AM,DIPC,4/30/2026 6:55:00 AM,CVIS,4936.0990,
4/30/2026 6:50:00 AM,DIPC,4/30/2026 6:55:00 AM,SYSTEM,4940.2707,
4/30/2026 6:55:00 AM,DIPC,4/30/2026 7:00:00 AM,CLUZ,4504.7421,
4/30/2026 6:55:00 AM,DIPC,4/30/2026 7:00:00 AM,CMIN,4485.3931,
4/30/2026 6:55:00 AM,DIPC,4/30/2026 7:00:00 AM,CVIS,4496.6523,
4/30/2026 6:55:00 AM,DIPC,4/30/2026 7:00:00 AM,SYSTEM,4500.9130,
4/30/2026 7:00:00 AM,DIPC,4/30/2026 7:05:00 AM,CLUZ,4070.17,
4/30/2026 7:00:00 AM,DIPC,4/30/2026 7:05:00 AM,CMIN,4068.0442,
4/30/2026 7:00:00 AM,DIPC,4/30/2026 7:05:00 AM,CVIS,4058.3452,
4/30/2026 7:00:00 AM,DIPC,4/30/2026 7:05:00 AM,SYSTEM,4068.3685,
4/30/2026 7:05:00 AM,DIPC,4/30/2026 7:10:00 AM,CLUZ,4698.4436,
4/30/2026 7:05:00 AM,DIPC,4/30/2026 7:10:00 AM,CMIN,4697.0553,
4/30/2026 7:05:00 AM,DIPC,4/30/2026 7:10:00 AM,CVIS,4691.2532,
4/30/2026 7:05:00 AM,DIPC,4/30/2026 7:10:00 AM,SYSTEM,4697.3311,
4/30/2026 7:10:00 AM,DIPC,4/30/2026 7:15:00 AM,CLUZ,4934.0409,
4/30/2026 7:10:00 AM,DIPC,4/30/2026 7:15:00 AM,CMIN,4933.3021,
4/30/2026 7:10:00 AM,DIPC,4/30/2026 7:15:00 AM,CVIS,4928.4657,
4/30/2026 7:10:00 AM,DIPC,4/30/2026 7:15:00 AM,SYSTEM,4933.2317,
4/30/2026 7:15:00 AM,DIPC,4/30/2026 7:20:00 AM,CLUZ,5396.7341,
4/30/2026 7:15:00 AM,DIPC,4/30/2026 7:20:00 AM,CMIN,5397.7276,
4/30/2026 7:15:00 AM,DIPC,4/30/2026 7:20:00 AM,CVIS,5392.8008,
4/30/2026 7:15:00 AM,DIPC,4/30/2026 7:20:00 AM,SYSTEM,5396.3837,
4/30/2026 7:20:00 AM,DIPC,4/30/2026 7:25:00 AM,CLUZ,4992.0486,
4/30/2026 7:20:00 AM,DIPC,4/30/2026 7:25:00 AM,CMIN,4992.3670,
4/30/2026 7:20:00 AM,DIPC,4/30/2026 7:25:00 AM,CVIS,4988.3538,
4/30/2026 7:20:00 AM,DIPC,4/30/2026 7:25:00 AM,SYSTEM,4991.6303,
4/30/2026 7:25:00 AM,DIPC,4/30/2026 7:30:00 AM,CLUZ,4580.4761,
4/30/2026 7:25:00 AM,DIPC,4/30/2026 7:30:00 AM,CMIN,4587.5352,
4/30/2026 7:25:00 AM,DIPC,4/30/2026 7:30:00 AM,CVIS,4577.6518,
4/30/2026 7:25:00 AM,DIPC,4/30/2026 7:30:00 AM,SYSTEM,4581.1359,
4/30/2026 7:30:00 AM,DIPC,4/30/2026 7:35:00 AM,CLUZ,4465.8864,
4/30/2026 7:30:00 AM,DIPC,4/30/2026 7:35:00 AM,CMIN,4481.7540,
4/30/2026 7:30:00 AM,DIPC,4/30/2026 7:35:00 AM,CVIS,4474.4948,
4/30/2026 7:30:00 AM,DIPC,4/30/2026 7:35:00 AM,SYSTEM,4469.2425,
4/30/2026 7:35:00 AM,DIPC,4/30/2026 7:40:00 AM,CLUZ,5021.9992,
4/30/2026 7:35:00 AM,DIPC,4/30/2026 7:40:00 AM,CMIN,5033.32,
4/30/2026 7:35:00 AM,DIPC,4/30/2026 7:40:00 AM,CVIS,5028.5260,
4/30/2026 7:35:00 AM,DIPC,4/30/2026 7:40:00 AM,SYSTEM,5024.4414,
4/30/2026 7:40:00 AM,DIPC,4/30/2026 7:45:00 AM,CLUZ,5020.4291,
4/30/2026 7:40:00 AM,DIPC,4/30/2026 7:45:00 AM,CMIN,5020.7942,
4/30/2026 7:40:00 AM,DIPC,4/30/2026 7:45:00 AM,CVIS,5017.8853,
4/30/2026 7:40:00 AM,DIPC,4/30/2026 7:45:00 AM,SYSTEM,5020.1581,
4/30/2026 7:45:00 AM,DIPC,4/30/2026 7:50:00 AM,CLUZ,5095.3760,
4/30/2026 7:45:00 AM,DIPC,4/30/2026 7:50:00 AM,CMIN,5095.9218,
4/30/2026 7:45:00 AM,DIPC,4/30/2026 7:50:00 AM,CVIS,5093.1125,
4/30/2026 7:45:00 AM,DIPC,4/30/2026 7:50:00 AM,SYSTEM,5095.1688,
4/30/2026 7:50:00 AM,DIPC,4/30/2026 7:55:00 AM,CLUZ,5489.7020,
4/30/2026 7:50:00 AM,DIPC,4/30/2026 7:55:00 AM,CMIN,5490.1687,
4/30/2026 7:50:00 AM,DIPC,4/30/2026 7:55:00 AM,CVIS,5487.7287,
4/30/2026 7:50:00 AM,DIPC,4/30/2026 7:55:00 AM,SYSTEM,5489.5188,
4/30/2026 7:55:00 AM,DIPC,4/30/2026 8:00:00 AM,CLUZ,5863.1462,
4/30/2026 7:55:00 AM,DIPC,4/30/2026 8:00:00 AM,CMIN,5857.3819,
4/30/2026 7:55:00 AM,DIPC,4/30/2026 8:00:00 AM,CVIS,5861.8556,
4/30/2026 7:55:00 AM,DIPC,4/30/2026 8:00:00 AM,SYSTEM,5862.1361,
4/30/2026 8:00:00 AM,DIPC,4/30/2026 8:05:00 AM,CLUZ,4789.7721,
4/30/2026 8:00:00 AM,DIPC,4/30/2026 8:05:00 AM,CMIN,4789.9771,
4/30/2026 8:00:00 AM,DIPC,4/30/2026 8:05:00 AM,CVIS,4786.9215,
4/30/2026 8:00:00 AM,DIPC,4/30/2026 8:05:00 AM,SYSTEM,4789.4377,
4/30/2026 8:05:00 AM,DIPC,4/30/2026 8:10:00 AM,CLUZ,5490.9710,
4/30/2026 8:05:00 AM,DIPC,4/30/2026 8:10:00 AM,CMIN,5491.2298,
4/30/2026 8:05:00 AM,DIPC,4/30/2026 8:10:00 AM,CVIS,5489.1353,
4/30/2026 8:05:00 AM,DIPC,4/30/2026 8:10:00 AM,SYSTEM,5490.7756,
4/30/2026 8:10:00 AM,DIPC,4/30/2026 8:15:00 AM,CLUZ,5497.48,
4/30/2026 8:10:00 AM,DIPC,4/30/2026 8:15:00 AM,CMIN,5496.9479,
4/30/2026 8:10:00 AM,DIPC,4/30/2026 8:15:00 AM,CVIS,5495.7412,
4/30/2026 8:10:00 AM,DIPC,4/30/2026 8:15:00 AM,SYSTEM,5497.1786,
4/30/2026 8:15:00 AM,DIPC,4/30/2026 8:20:00 AM,CLUZ,5077.0542,
4/30/2026 8:15:00 AM,DIPC,4/30/2026 8:20:00 AM,CMIN,5076.1658,
4/30/2026 8:15:00 AM,DIPC,4/30/2026 8:20:00 AM,CVIS,5075.6276,
4/30/2026 8:15:00 AM,DIPC,4/30/2026 8:20:00 AM,SYSTEM,5076.74,
4/30/2026 8:20:00 AM,DIPC,4/30/2026 8:25:00 AM,CLUZ,5185.8126,
4/30/2026 8:20:00 AM,DIPC,4/30/2026 8:25:00 AM,CMIN,5180.3275,
4/30/2026 8:20:00 AM,DIPC,4/30/2026 8:25:00 AM,CVIS,5187.8655,
4/30/2026 8:20:00 AM,DIPC,4/30/2026 8:25:00 AM,SYSTEM,5185.2702,
4/30/2026 8:25:00 AM,DIPC,4/30/2026 8:30:00 AM,CLUZ,5264.1578,
4/30/2026 8:25:00 AM,DIPC,4/30/2026 8:30:00 AM,CMIN,5259.0159,
4/30/2026 8:25:00 AM,DIPC,4/30/2026 8:30:00 AM,CVIS,5267.8207,
4/30/2026 8:25:00 AM,DIPC,4/30/2026 8:30:00 AM,SYSTEM,5263.8723,
4/30/2026 8:30:00 AM,DIPC,4/30/2026 8:35:00 AM,CLUZ,5143.9233,
4/30/2026 8:30:00 AM,DIPC,4/30/2026 8:35:00 AM,CMIN,5155.6998,
4/30/2026 8:30:00 AM,DIPC,4/30/2026 8:35:00 AM,CVIS,5143.8189,
4/30/2026 8:30:00 AM,DIPC,4/30/2026 8:35:00 AM,SYSTEM,5145.6457,
4/30/2026 8:35:00 AM,DIPC,4/30/2026 8:40:00 AM,CLUZ,5013.4892,
4/30/2026 8:35:00 AM,DIPC,4/30/2026 8:40:00 AM,CMIN,5011.3877,
4/30/2026 8:35:00 AM,DIPC,4/30/2026 8:40:00 AM,CVIS,5008.4179,
4/30/2026 8:35:00 AM,DIPC,4/30/2026 8:40:00 AM,SYSTEM,5012.5222,
4/30/2026 8:40:00 AM,DIPC,4/30/2026 8:45:00 AM,CLUZ,5083.2576,
4/30/2026 8:40:00 AM,DIPC,4/30/2026 8:45:00 AM,CMIN,5082.0051,
4/30/2026 8:40:00 AM,DIPC,4/30/2026 8:45:00 AM,CVIS,5082.6890,
4/30/2026 8:40:00 AM,DIPC,4/30/2026 8:45:00 AM,SYSTEM,5083.0005,
4/30/2026 8:45:00 AM,DIPC,4/30/2026 8:50:00 AM,CLUZ,4972.6018,
4/30/2026 8:45:00 AM,DIPC,4/30/2026 8:50:00 AM,CMIN,4972.4407,
4/30/2026 8:45:00 AM,DIPC,4/30/2026 8:50:00 AM,CVIS,4972.1282,
4/30/2026 8:45:00 AM,DIPC,4/30/2026 8:50:00 AM,SYSTEM,4972.5167,
4/30/2026 8:50:00 AM,DIPC,4/30/2026 8:55:00 AM,CLUZ,5144.5427,
4/30/2026 8:50:00 AM,DIPC,4/30/2026 8:55:00 AM,CMIN,5145.8581,
4/30/2026 8:50:00 AM,DIPC,4/30/2026 8:55:00 AM,CVIS,5145.5263,
4/30/2026 8:50:00 AM,DIPC,4/30/2026 8:55:00 AM,SYSTEM,5144.8649,
4/30/2026 8:55:00 AM,DIPC,4/30/2026 9:00:00 AM,CLUZ,5015.7761,
4/30/2026 8:55:00 AM,DIPC,4/30/2026 9:00:00 AM,CMIN,5013.7964,
4/30/2026 8:55:00 AM,DIPC,4/30/2026 9:00:00 AM,CVIS,5015.5241,
4/30/2026 8:55:00 AM,DIPC,4/30/2026 9:00:00 AM,SYSTEM,5015.4501,
4/30/2026 9:00:00 AM,DIPC,4/30/2026 9:05:00 AM,CLUZ,3918.9984,
4/30/2026 9:00:00 AM,DIPC,4/30/2026 9:05:00 AM,CMIN,3933.9870,
4/30/2026 9:00:00 AM,DIPC,4/30/2026 9:05:00 AM,CVIS,3930.8827,
4/30/2026 9:00:00 AM,DIPC,4/30/2026 9:05:00 AM,SYSTEM,3922.7658,
4/30/2026 9:05:00 AM,DIPC,4/30/2026 9:10:00 AM,CLUZ,3802.4675,
4/30/2026 9:05:00 AM,DIPC,4/30/2026 9:10:00 AM,CMIN,3807.5647,
4/30/2026 9:05:00 AM,DIPC,4/30/2026 9:10:00 AM,CVIS,3785.8233,
4/30/2026 9:05:00 AM,DIPC,4/30/2026 9:10:00 AM,SYSTEM,3801.0349,
4/30/2026 9:10:00 AM,DIPC,4/30/2026 9:15:00 AM,CLUZ,4402.0160,
4/30/2026 9:10:00 AM,DIPC,4/30/2026 9:15:00 AM,CMIN,4397.8802,
4/30/2026 9:10:00 AM,DIPC,4/30/2026 9:15:00 AM,CVIS,4398.7078,
4/30/2026 9:10:00 AM,DIPC,4/30/2026 9:15:00 AM,SYSTEM,4400.9698,
4/30/2026 9:15:00 AM,DIPC,4/30/2026 9:20:00 AM,CLUZ,4510.6660,
4/30/2026 9:15:00 AM,DIPC,4/30/2026 9:20:00 AM,CMIN,4512.7869,
4/30/2026 9:15:00 AM,DIPC,4/30/2026 9:20:00 AM,CVIS,4514.9437,
4/30/2026 9:15:00 AM,DIPC,4/30/2026 9:20:00 AM,SYSTEM,4511.5361,
4/30/2026 9:20:00 AM,DIPC,4/30/2026 9:25:00 AM,CLUZ,5220.7768,
4/30/2026 9:20:00 AM,DIPC,4/30/2026 9:25:00 AM,CMIN,5220.8181,
4/30/2026 9:20:00 AM,DIPC,4/30/2026 9:25:00 AM,CVIS,5214.4838,
4/30/2026 9:20:00 AM,DIPC,4/30/2026 9:25:00 AM,SYSTEM,5219.9722,
4/30/2026 9:25:00 AM,DIPC,4/30/2026 9:30:00 AM,CLUZ,5227.2488,
4/30/2026 9:25:00 AM,DIPC,4/30/2026 9:30:00 AM,CMIN,5230.9638,
4/30/2026 9:25:00 AM,DIPC,4/30/2026 9:30:00 AM,CVIS,5224.7908,
4/30/2026 9:25:00 AM,DIPC,4/30/2026 9:30:00 AM,SYSTEM,5227.4836,
4/30/2026 9:30:00 AM,DIPC,4/30/2026 9:35:00 AM,CLUZ,5092.6968,
4/30/2026 9:30:00 AM,DIPC,4/30/2026 9:35:00 AM,CMIN,5096.6352,
4/30/2026 9:30:00 AM,DIPC,4/30/2026 9:35:00 AM,CVIS,5090.6483,
4/30/2026 9:30:00 AM,DIPC,4/30/2026 9:35:00 AM,SYSTEM,5093.0129,
4/30/2026 9:35:00 AM,DIPC,4/30/2026 9:40:00 AM,CLUZ,5282.1031,
4/30/2026 9:35:00 AM,DIPC,4/30/2026 9:40:00 AM,CMIN,5292.8653,
4/30/2026 9:35:00 AM,DIPC,4/30/2026 9:40:00 AM,CVIS,5286.1234,
4/30/2026 9:35:00 AM,DIPC,4/30/2026 9:40:00 AM,SYSTEM,5284.2186,
4/30/2026 9:40:00 AM,DIPC,4/30/2026 9:45:00 AM,CLUZ,5221.4673,
4/30/2026 9:40:00 AM,DIPC,4/30/2026 9:45:00 AM,CMIN,5221.9265,
4/30/2026 9:40:00 AM,DIPC,4/30/2026 9:45:00 AM,CVIS,5215.8195,
4/30/2026 9:40:00 AM,DIPC,4/30/2026 9:45:00 AM,SYSTEM,5220.8043,
4/30/2026 9:45:00 AM,DIPC,4/30/2026 9:50:00 AM,CLUZ,5220.0280,
4/30/2026 9:45:00 AM,DIPC,4/30/2026 9:50:00 AM,CMIN,5220.0385,
4/30/2026 9:45:00 AM,DIPC,4/30/2026 9:50:00 AM,CVIS,5216.1874,
4/30/2026 9:45:00 AM,DIPC,4/30/2026 9:50:00 AM,SYSTEM,5219.5333,
4/30/2026 9:50:00 AM,DIPC,4/30/2026 9:55:00 AM,CLUZ,5563.8645,
4/30/2026 9:50:00 AM,DIPC,4/30/2026 9:55:00 AM,CMIN,5564.0526,
4/30/2026 9:50:00 AM,DIPC,4/30/2026 9:55:00 AM,CVIS,5560.7327,
4/30/2026 9:50:00 AM,DIPC,4/30/2026 9:55:00 AM,SYSTEM,5563.4858,
4/30/2026 9:55:00 AM,DIPC,4/30/2026 10:00:00 AM,CLUZ,5368.3194,
4/30/2026 9:55:00 AM,DIPC,4/30/2026 10:00:00 AM,CMIN,5368.8034,
4/30/2026 9:55:00 AM,DIPC,4/30/2026 10:00:00 AM,CVIS,5365.4102,
4/30/2026 9:55:00 AM,DIPC,4/30/2026 10:00:00 AM,SYSTEM,5368.0173,
4/30/2026 10:00:00 AM,DIPC,4/30/2026 10:05:00 AM,CLUZ,4359.3752,
4/30/2026 10:00:00 AM,DIPC,4/30/2026 10:05:00 AM,CMIN,4361.4011,
4/30/2026 10:00:00 AM,DIPC,4/30/2026 10:05:00 AM,CVIS,4361.5907,
4/30/2026 10:00:00 AM,DIPC,4/30/2026 10:05:00 AM,SYSTEM,4359.9569,
4/30/2026 10:05:00 AM,DIPC,4/30/2026 10:10:00 AM,CLUZ,5366.4558,
4/30/2026 10:05:00 AM,DIPC,4/30/2026 10:10:00 AM,CMIN,5374.3478,
4/30/2026 10:05:00 AM,DIPC,4/30/2026 10:10:00 AM,CVIS,5372.9833,
4/30/2026 10:05:00 AM,DIPC,4/30/2026 10:10:00 AM,SYSTEM,5368.4684,
4/30/2026 10:10:00 AM,DIPC,4/30/2026 10:15:00 AM,CLUZ,5327.1716,
4/30/2026 10:10:00 AM,DIPC,4/30/2026 10:15:00 AM,CMIN,5329.2882,
4/30/2026 10:10:00 AM,DIPC,4/30/2026 10:15:00 AM,CVIS,5326.4480,
4/30/2026 10:10:00 AM,DIPC,4/30/2026 10:15:00 AM,SYSTEM,5327.3959,
4/30/2026 10:15:00 AM,DIPC,4/30/2026 10:20:00 AM,CLUZ,5119.3365,
4/30/2026 10:15:00 AM,DIPC,4/30/2026 10:20:00 AM,CMIN,5118.7595,
4/30/2026 10:15:00 AM,DIPC,4/30/2026 10:20:00 AM,CVIS,5113.7586,
4/30/2026 10:15:00 AM,DIPC,4/30/2026 10:20:00 AM,SYSTEM,5118.5309,
4/30/2026 10:20:00 AM,DIPC,4/30/2026 10:25:00 AM,CLUZ,5448.5973,
4/30/2026 10:20:00 AM,DIPC,4/30/2026 10:25:00 AM,CMIN,5448.7501,
4/30/2026 10:20:00 AM,DIPC,4/30/2026 10:25:00 AM,CVIS,5447.1699,
4/30/2026 10:20:00 AM,DIPC,4/30/2026 10:25:00 AM,SYSTEM,5448.4365,
4/30/2026 10:25:00 AM,DIPC,4/30/2026 10:30:00 AM,CLUZ,5300.1598,
4/30/2026 10:25:00 AM,DIPC,4/30/2026 10:30:00 AM,CMIN,5300.2558,
4/30/2026 10:25:00 AM,DIPC,4/30/2026 10:30:00 AM,CVIS,5298.1990,
4/30/2026 10:25:00 AM,DIPC,4/30/2026 10:30:00 AM,SYSTEM,5299.9201,
4/30/2026 10:30:00 AM,DIPC,4/30/2026 10:35:00 AM,CLUZ,5493.6483,
4/30/2026 10:30:00 AM,DIPC,4/30/2026 10:35:00 AM,CMIN,5493.6464,
4/30/2026 10:30:00 AM,DIPC,4/30/2026 10:35:00 AM,CVIS,5492.4795,
4/30/2026 10:30:00 AM,DIPC,4/30/2026 10:35:00 AM,SYSTEM,5493.4973,
4/30/2026 10:35:00 AM,DIPC,4/30/2026 10:40:00 AM,CLUZ,5083.9289,
4/30/2026 10:35:00 AM,DIPC,4/30/2026 10:40:00 AM,CMIN,5083.8171,
4/30/2026 10:35:00 AM,DIPC,4/30/2026 10:40:00 AM,CVIS,5082.3408,
4/30/2026 10:35:00 AM,DIPC,4/30/2026 10:40:00 AM,SYSTEM,5083.7080,
4/30/2026 10:40:00 AM,DIPC,4/30/2026 10:45:00 AM,CLUZ,5190.3928,
4/30/2026 10:40:00 AM,DIPC,4/30/2026 10:45:00 AM,CMIN,5190.2302,
4/30/2026 10:40:00 AM,DIPC,4/30/2026 10:45:00 AM,CVIS,5189.1304,
4/30/2026 10:40:00 AM,DIPC,4/30/2026 10:45:00 AM,SYSTEM,5190.2072,
4/30/2026 10:45:00 AM,DIPC,4/30/2026 10:50:00 AM,CLUZ,5018.6060,
4/30/2026 10:45:00 AM,DIPC,4/30/2026 10:50:00 AM,CMIN,5022.1139,
4/30/2026 10:45:00 AM,DIPC,4/30/2026 10:50:00 AM,CVIS,5020.7465,
4/30/2026 10:45:00 AM,DIPC,4/30/2026 10:50:00 AM,SYSTEM,5019.3973,
4/30/2026 10:50:00 AM,DIPC,4/30/2026 10:55:00 AM,CLUZ,5106.54,
4/30/2026 10:50:00 AM,DIPC,4/30/2026 10:55:00 AM,CMIN,5098.9119,
4/30/2026 10:50:00 AM,DIPC,4/30/2026 10:55:00 AM,CVIS,5096.3635,
4/30/2026 10:50:00 AM,DIPC,4/30/2026 10:55:00 AM,SYSTEM,5104.1088,
4/30/2026 10:55:00 AM,DIPC,4/30/2026 11:00:00 AM,CLUZ,4970.4622,
4/30/2026 10:55:00 AM,DIPC,4/30/2026 11:00:00 AM,CMIN,4969.5858,
4/30/2026 10:55:00 AM,DIPC,4/30/2026 11:00:00 AM,CVIS,4968.8955,
4/30/2026 10:55:00 AM,DIPC,4/30/2026 11:00:00 AM,SYSTEM,4970.1321,
4/30/2026 11:00:00 AM,DIPC,4/30/2026 11:05:00 AM,CLUZ,4989.1013,
4/30/2026 11:00:00 AM,DIPC,4/30/2026 11:05:00 AM,CMIN,4988.7282,
4/30/2026 11:00:00 AM,DIPC,4/30/2026 11:05:00 AM,CVIS,4987.5474,
4/30/2026 11:00:00 AM,DIPC,4/30/2026 11:05:00 AM,SYSTEM,4988.8483,
4/30/2026 11:05:00 AM,DIPC,4/30/2026 11:10:00 AM,CLUZ,4896.0094,
4/30/2026 11:05:00 AM,DIPC,4/30/2026 11:10:00 AM,CMIN,4897.5550,
4/30/2026 11:05:00 AM,DIPC,4/30/2026 11:10:00 AM,CVIS,4895.8685,
4/30/2026 11:05:00 AM,DIPC,4/30/2026 11:10:00 AM,SYSTEM,4896.2189,
4/30/2026 11:10:00 AM,DIPC,4/30/2026 11:15:00 AM,CLUZ,4993.2339,
4/30/2026 11:10:00 AM,DIPC,4/30/2026 11:15:00 AM,CMIN,4996.3813,
4/30/2026 11:10:00 AM,DIPC,4/30/2026 11:15:00 AM,CVIS,4985.2652,
4/30/2026 11:10:00 AM,DIPC,4/30/2026 11:15:00 AM,SYSTEM,4992.6625,
4/30/2026 11:15:00 AM,DIPC,4/30/2026 11:20:00 AM,CLUZ,4959.0558,
4/30/2026 11:15:00 AM,DIPC,4/30/2026 11:20:00 AM,CMIN,4962.0404,
4/30/2026 11:15:00 AM,DIPC,4/30/2026 11:20:00 AM,CVIS,4949.2997,
4/30/2026 11:15:00 AM,DIPC,4/30/2026 11:20:00 AM,SYSTEM,4958.2280,
4/30/2026 11:20:00 AM,DIPC,4/30/2026 11:25:00 AM,CLUZ,4948.9388,
4/30/2026 11:20:00 AM,DIPC,4/30/2026 11:25:00 AM,CMIN,4963.5338,
4/30/2026 11:20:00 AM,DIPC,4/30/2026 11:25:00 AM,CVIS,4952.39,
4/30/2026 11:20:00 AM,DIPC,4/30/2026 11:25:00 AM,SYSTEM,4951.5157,
4/30/2026 11:25:00 AM,DIPC,4/30/2026 11:30:00 AM,CLUZ,4441.8765,
4/30/2026 11:25:00 AM,DIPC,4/30/2026 11:30:00 AM,CMIN,4451.4444,
4/30/2026 11:25:00 AM,DIPC,4/30/2026 11:30:00 AM,CVIS,4442.7451,
4/30/2026 11:25:00 AM,DIPC,4/30/2026 11:30:00 AM,SYSTEM,4443.3739,
4/30/2026 11:30:00 AM,DIPC,4/30/2026 11:35:00 AM,CLUZ,4802.7012,
4/30/2026 11:30:00 AM,DIPC,4/30/2026 11:35:00 AM,CMIN,4817.2308,
4/30/2026 11:30:00 AM,DIPC,4/30/2026 11:35:00 AM,CVIS,4813.7709,
4/30/2026 11:30:00 AM,DIPC,4/30/2026 11:35:00 AM,SYSTEM,4806.1965,
4/30/2026 11:35:00 AM,DIPC,4/30/2026 11:40:00 AM,CLUZ,4848.5884,
4/30/2026 11:35:00 AM,DIPC,4/30/2026 11:40:00 AM,CMIN,4849.8706,
4/30/2026 11:35:00 AM,DIPC,4/30/2026 11:40:00 AM,CVIS,4841.6954,
4/30/2026 11:35:00 AM,DIPC,4/30/2026 11:40:00 AM,SYSTEM,4847.8993,
4/30/2026 11:40:00 AM,DIPC,4/30/2026 11:45:00 AM,CLUZ,4419.5033,
4/30/2026 11:40:00 AM,DIPC,4/30/2026 11:45:00 AM,CMIN,4418.9685,
4/30/2026 11:40:00 AM,DIPC,4/30/2026 11:45:00 AM,CVIS,4412.2288,
4/30/2026 11:40:00 AM,DIPC,4/30/2026 11:45:00 AM,SYSTEM,4418.5034,
4/30/2026 11:45:00 AM,DIPC,4/30/2026 11:50:00 AM,CLUZ,4618.7322,
4/30/2026 11:45:00 AM,DIPC,4/30/2026 11:50:00 AM,CMIN,4612.7182,
4/30/2026 11:45:00 AM,DIPC,4/30/2026 11:50:00 AM,CVIS,4612.6197,
4/30/2026 11:45:00 AM,DIPC,4/30/2026 11:50:00 AM,SYSTEM,4617.0701,
4/30/2026 11:50:00 AM,DIPC,4/30/2026 11:55:00 AM,CLUZ,4541.5636,
4/30/2026 11:50:00 AM,DIPC,4/30/2026 11:55:00 AM,CMIN,4558.9819,
4/30/2026 11:50:00 AM,DIPC,4/30/2026 11:55:00 AM,CVIS,4554.8123,
4/30/2026 11:50:00 AM,DIPC,4/30/2026 11:55:00 AM,SYSTEM,4545.7907,
4/30/2026 11:55:00 AM,DIPC,4/30/2026 12:00:00 PM,CLUZ,4431.8357,
4/30/2026 11:55:00 AM,DIPC,4/30/2026 12:00:00 PM,CMIN,4422.9176,
4/30/2026 11:55:00 AM,DIPC,4/30/2026 12:00:00 PM,CVIS,4423.3294,
4/30/2026 11:55:00 AM,DIPC,4/30/2026 12:00:00 PM,SYSTEM,4429.4499,
4/30/2026 12:00:00 PM,DIPC,4/30/2026 12:05:00 PM,CLUZ,4076.4653,
4/30/2026 12:00:00 PM,DIPC,4/30/2026 12:05:00 PM,CMIN,4077.5644,
4/30/2026 12:00:00 PM,DIPC,4/30/2026 12:05:00 PM,CVIS,4068.0275,
4/30/2026 12:00:00 PM,DIPC,4/30/2026 12:05:00 PM,SYSTEM,4075.5558,
4/30/2026 12:05:00 PM,DIPC,4/30/2026 12:10:00 PM,CLUZ,4190.7876,
4/30/2026 12:05:00 PM,DIPC,4/30/2026 12:10:00 PM,CMIN,4199.0775,
4/30/2026 12:05:00 PM,DIPC,4/30/2026 12:10:00 PM,CVIS,4194.7978,
4/30/2026 12:05:00 PM,DIPC,4/30/2026 12:10:00 PM,SYSTEM,4192.5273,
4/30/2026 12:10:00 PM,DIPC,4/30/2026 12:15:00 PM,CLUZ,4618.1345,
4/30/2026 12:10:00 PM,DIPC,4/30/2026 12:15:00 PM,CMIN,4618.6119,
4/30/2026 12:10:00 PM,DIPC,4/30/2026 12:15:00 PM,CVIS,4615.6120,
4/30/2026 12:10:00 PM,DIPC,4/30/2026 12:15:00 PM,SYSTEM,4617.8867,
4/30/2026 12:15:00 PM,DIPC,4/30/2026 12:20:00 PM,CLUZ,5349.6786,
4/30/2026 12:15:00 PM,DIPC,4/30/2026 12:20:00 PM,CMIN,5355.4370,
4/30/2026 12:15:00 PM,DIPC,4/30/2026 12:20:00 PM,CVIS,5354.0021,
4/30/2026 12:15:00 PM,DIPC,4/30/2026 12:20:00 PM,SYSTEM,5351.0761,
4/30/2026 12:20:00 PM,DIPC,4/30/2026 12:25:00 PM,CLUZ,5289.3161,
4/30/2026 12:20:00 PM,DIPC,4/30/2026 12:25:00 PM,CMIN,5289.3651,
4/30/2026 12:20:00 PM,DIPC,4/30/2026 12:25:00 PM,CVIS,5287.9055,
4/30/2026 12:20:00 PM,DIPC,4/30/2026 12:25:00 PM,SYSTEM,5289.1457,
4/30/2026 12:25:00 PM,DIPC,4/30/2026 12:30:00 PM,CLUZ,5510.7733,
4/30/2026 12:25:00 PM,DIPC,4/30/2026 12:30:00 PM,CMIN,5510.2745,
4/30/2026 12:25:00 PM,DIPC,4/30/2026 12:30:00 PM,CVIS,5508.4731,
4/30/2026 12:25:00 PM,DIPC,4/30/2026 12:30:00 PM,SYSTEM,5510.4086,
4/30/2026 12:30:00 PM,DIPC,4/30/2026 12:35:00 PM,CLUZ,5167.3655,
4/30/2026 12:30:00 PM,DIPC,4/30/2026 12:35:00 PM,CMIN,5171.2452,
4/30/2026 12:30:00 PM,DIPC,4/30/2026 12:35:00 PM,CVIS,5169.7206,
4/30/2026 12:30:00 PM,DIPC,4/30/2026 12:35:00 PM,SYSTEM,5168.2435,
4/30/2026 12:35:00 PM,DIPC,4/30/2026 12:40:00 PM,CLUZ,5363.9349,
4/30/2026 12:35:00 PM,DIPC,4/30/2026 12:40:00 PM,CMIN,5358.6396,
4/30/2026 12:35:00 PM,DIPC,4/30/2026 12:40:00 PM,CVIS,5362.6804,
4/30/2026 12:35:00 PM,DIPC,4/30/2026 12:40:00 PM,SYSTEM,5362.9789,
4/30/2026 12:40:00 PM,DIPC,4/30/2026 12:45:00 PM,CLUZ,5404.0274,
4/30/2026 12:40:00 PM,DIPC,4/30/2026 12:45:00 PM,CMIN,5404.8109,
4/30/2026 12:40:00 PM,DIPC,4/30/2026 12:45:00 PM,CVIS,5403.9075,
4/30/2026 12:40:00 PM,DIPC,4/30/2026 12:45:00 PM,SYSTEM,5404.1299,
4/30/2026 12:45:00 PM,DIPC,4/30/2026 12:50:00 PM,CLUZ,5304.5891,
4/30/2026 12:45:00 PM,DIPC,4/30/2026 12:50:00 PM,CMIN,5296.9542,
4/30/2026 12:45:00 PM,DIPC,4/30/2026 12:50:00 PM,CVIS,5303.1744,
4/30/2026 12:45:00 PM,DIPC,4/30/2026 12:50:00 PM,SYSTEM,5303.2753,
4/30/2026 12:50:00 PM,DIPC,4/30/2026 12:55:00 PM,CLUZ,5589.6918,
4/30/2026 12:50:00 PM,DIPC,4/30/2026 12:55:00 PM,CMIN,5587.4083,
4/30/2026 12:50:00 PM,DIPC,4/30/2026 12:55:00 PM,CVIS,5588.4914,
4/30/2026 12:50:00 PM,DIPC,4/30/2026 12:55:00 PM,SYSTEM,5589.1954,
4/30/2026 12:55:00 PM,DIPC,4/30/2026 1:00:00 PM,CLUZ,5589.9497,
4/30/2026 12:55:00 PM,DIPC,4/30/2026 1:00:00 PM,CMIN,5589.8352,
4/30/2026 12:55:00 PM,DIPC,4/30/2026 1:00:00 PM,CVIS,5584.2032,
4/30/2026 12:55:00 PM,DIPC,4/30/2026 1:00:00 PM,SYSTEM,5589.2033,
4/30/2026 1:00:00 PM,DIPC,4/30/2026 1:05:00 PM,CLUZ,6152.6550,
4/30/2026 1:00:00 PM,DIPC,4/30/2026 1:05:00 PM,CMIN,6157.4321,
4/30/2026 1:00:00 PM,DIPC,4/30/2026 1:05:00 PM,CVIS,6152.1485,
4/30/2026 1:00:00 PM,DIPC,4/30/2026 1:05:00 PM,SYSTEM,6153.3041,
4/30/2026 1:05:00 PM,DIPC,4/30/2026 1:10:00 PM,CLUZ,6057.1546,
4/30/2026 1:05:00 PM,DIPC,4/30/2026 1:10:00 PM,CMIN,6057.5379,
4/30/2026 1:05:00 PM,DIPC,4/30/2026 1:10:00 PM,CVIS,6056.6288,
4/30/2026 1:05:00 PM,DIPC,4/30/2026 1:10:00 PM,SYSTEM,6057.1444,
4/30/2026 1:10:00 PM,DIPC,4/30/2026 1:15:00 PM,CLUZ,6379.3039,
4/30/2026 1:10:00 PM,DIPC,4/30/2026 1:15:00 PM,CMIN,6380.2728,
4/30/2026 1:10:00 PM,DIPC,4/30/2026 1:15:00 PM,CVIS,6379.7328,
4/30/2026 1:10:00 PM,DIPC,4/30/2026 1:15:00 PM,SYSTEM,6379.5055,
4/30/2026 1:15:00 PM,DIPC,4/30/2026 1:20:00 PM,CLUZ,6439.8772,
4/30/2026 1:15:00 PM,DIPC,4/30/2026 1:20:00 PM,CMIN,6440.9873,
4/30/2026 1:15:00 PM,DIPC,4/30/2026 1:20:00 PM,CVIS,6447.3327,
4/30/2026 1:15:00 PM,DIPC,4/30/2026 1:20:00 PM,SYSTEM,6441.0175,
4/30/2026 1:20:00 PM,DIPC,4/30/2026 1:25:00 PM,CLUZ,6139.3350,
4/30/2026 1:20:00 PM,DIPC,4/30/2026 1:25:00 PM,CMIN,6140.2440,
4/30/2026 1:20:00 PM,DIPC,4/30/2026 1:25:00 PM,CVIS,6141.3504,
4/30/2026 1:20:00 PM,DIPC,4/30/2026 1:25:00 PM,SYSTEM,6139.7334,
4/30/2026 1:25:00 PM,DIPC,4/30/2026 1:30:00 PM,CLUZ,6163.4456,
4/30/2026 1:25:00 PM,DIPC,4/30/2026 1:30:00 PM,CMIN,6163.3453,
4/30/2026 1:25:00 PM,DIPC,4/30/2026 1:30:00 PM,CVIS,6164.8224,
4/30/2026 1:25:00 PM,DIPC,4/30/2026 1:30:00 PM,SYSTEM,6163.6088,
4/30/2026 1:30:00 PM,DIPC,4/30/2026 1:35:00 PM,CLUZ,6354.5871,
4/30/2026 1:30:00 PM,DIPC,4/30/2026 1:35:00 PM,CMIN,6356.7562,
4/30/2026 1:30:00 PM,DIPC,4/30/2026 1:35:00 PM,CVIS,6356.0849,
4/30/2026 1:30:00 PM,DIPC,4/30/2026 1:35:00 PM,SYSTEM,6355.1066,
4/30/2026 1:35:00 PM,DIPC,4/30/2026 1:40:00 PM,CLUZ,6014.4291,
4/30/2026 1:35:00 PM,DIPC,4/30/2026 1:40:00 PM,CMIN,6015.1865,
4/30/2026 1:35:00 PM,DIPC,4/30/2026 1:40:00 PM,CVIS,6014.7405,
4/30/2026 1:35:00 PM,DIPC,4/30/2026 1:40:00 PM,SYSTEM,6014.5813,
4/30/2026 1:40:00 PM,DIPC,4/30/2026 1:45:00 PM,CLUZ,6126.7163,
4/30/2026 1:40:00 PM,DIPC,4/30/2026 1:45:00 PM,CMIN,6132.3795,
4/30/2026 1:40:00 PM,DIPC,4/30/2026 1:45:00 PM,CVIS,6132.7512,
4/30/2026 1:40:00 PM,DIPC,4/30/2026 1:45:00 PM,SYSTEM,6128.3418,
4/30/2026 1:45:00 PM,DIPC,4/30/2026 1:50:00 PM,CLUZ,5736.9146,
4/30/2026 1:45:00 PM,DIPC,4/30/2026 1:50:00 PM,CMIN,5736.9064,
4/30/2026 1:45:00 PM,DIPC,4/30/2026 1:50:00 PM,CVIS,5736.1241,
4/30/2026 1:45:00 PM,DIPC,4/30/2026 1:50:00 PM,SYSTEM,5736.8125,
4/30/2026 1:50:00 PM,DIPC,4/30/2026 1:55:00 PM,CLUZ,6092.4187,
4/30/2026 1:50:00 PM,DIPC,4/30/2026 1:55:00 PM,CMIN,6095.9775,
4/30/2026 1:50:00 PM,DIPC,4/30/2026 1:55:00 PM,CVIS,6095.0561,
4/30/2026 1:50:00 PM,DIPC,4/30/2026 1:55:00 PM,SYSTEM,6093.2850,
4/30/2026 1:55:00 PM,DIPC,4/30/2026 2:00:00 PM,CLUZ,5931.1449,
4/30/2026 1:55:00 PM,DIPC,4/30/2026 2:00:00 PM,CMIN,5937.6076,
4/30/2026 1:55:00 PM,DIPC,4/30/2026 2:00:00 PM,CVIS,5936.4914,
4/30/2026 1:55:00 PM,DIPC,4/30/2026 2:00:00 PM,SYSTEM,5932.7933,
4/30/2026 2:00:00 PM,DIPC,4/30/2026 2:05:00 PM,CLUZ,6571.9219,
4/30/2026 2:00:00 PM,DIPC,4/30/2026 2:05:00 PM,CMIN,6574.4918,
4/30/2026 2:00:00 PM,DIPC,4/30/2026 2:05:00 PM,CVIS,6574.9531,
4/30/2026 2:00:00 PM,DIPC,4/30/2026 2:05:00 PM,SYSTEM,6572.6866,
4/30/2026 2:05:00 PM,DIPC,4/30/2026 2:10:00 PM,CLUZ,5903.2228,
4/30/2026 2:05:00 PM,DIPC,4/30/2026 2:10:00 PM,CMIN,5905.2418,
4/30/2026 2:05:00 PM,DIPC,4/30/2026 2:10:00 PM,CVIS,5905.4673,
4/30/2026 2:05:00 PM,DIPC,4/30/2026 2:10:00 PM,SYSTEM,5903.8061,
4/30/2026 2:10:00 PM,DIPC,4/30/2026 2:15:00 PM,CLUZ,6778.5281,
4/30/2026 2:10:00 PM,DIPC,4/30/2026 2:15:00 PM,CMIN,6776.2412,
4/30/2026 2:10:00 PM,DIPC,4/30/2026 2:15:00 PM,CVIS,6779.0843,
4/30/2026 2:10:00 PM,DIPC,4/30/2026 2:15:00 PM,SYSTEM,6778.2592,
4/30/2026 2:15:00 PM,DIPC,4/30/2026 2:20:00 PM,CLUZ,6537.1588,
4/30/2026 2:15:00 PM,DIPC,4/30/2026 2:20:00 PM,CMIN,6537.2775,
4/30/2026 2:15:00 PM,DIPC,4/30/2026 2:20:00 PM,CVIS,6537.7440,
4/30/2026 2:15:00 PM,DIPC,4/30/2026 2:20:00 PM,SYSTEM,6537.2511,
4/30/2026 2:20:00 PM,DIPC,4/30/2026 2:25:00 PM,CLUZ,6167.2611,
4/30/2026 2:20:00 PM,DIPC,4/30/2026 2:25:00 PM,CMIN,6168.1720,
4/30/2026 2:20:00 PM,DIPC,4/30/2026 2:25:00 PM,CVIS,6167.7513,
4/30/2026 2:20:00 PM,DIPC,4/30/2026 2:25:00 PM,SYSTEM,6167.4607,
4/30/2026 2:25:00 PM,DIPC,4/30/2026 2:30:00 PM,CLUZ,6414.4165,
4/30/2026 2:25:00 PM,DIPC,4/30/2026 2:30:00 PM,CMIN,6413.4799,
4/30/2026 2:25:00 PM,DIPC,4/30/2026 2:30:00 PM,CVIS,6414.3910,
4/30/2026 2:25:00 PM,DIPC,4/30/2026 2:30:00 PM,SYSTEM,6414.2735,
4/30/2026 2:30:00 PM,DIPC,4/30/2026 2:35:00 PM,CLUZ,7242.8810,
4/30/2026 2:30:00 PM,DIPC,4/30/2026 2:35:00 PM,CMIN,7225.9316,
4/30/2026 2:30:00 PM,DIPC,4/30/2026 2:35:00 PM,CVIS,7227.8720,
4/30/2026 2:30:00 PM,DIPC,4/30/2026 2:35:00 PM,SYSTEM,7238.4771,
4/30/2026 2:35:00 PM,DIPC,4/30/2026 2:40:00 PM,CLUZ,7216.2211,
4/30/2026 2:35:00 PM,DIPC,4/30/2026 2:40:00 PM,CMIN,7215.5162,
4/30/2026 2:35:00 PM,DIPC,4/30/2026 2:40:00 PM,CVIS,7228.3049,
4/30/2026 2:35:00 PM,DIPC,4/30/2026 2:40:00 PM,SYSTEM,7217.6738,
4/30/2026 2:40:00 PM,DIPC,4/30/2026 2:45:00 PM,CLUZ,7644.1355,
4/30/2026 2:40:00 PM,DIPC,4/30/2026 2:45:00 PM,CMIN,7646.3305,
4/30/2026 2:40:00 PM,DIPC,4/30/2026 2:45:00 PM,CVIS,7684.6222,
4/30/2026 2:40:00 PM,DIPC,4/30/2026 2:45:00 PM,SYSTEM,7649.6837,
4/30/2026 2:45:00 PM,DIPC,4/30/2026 2:50:00 PM,CLUZ,7382.8124,
4/30/2026 2:45:00 PM,DIPC,4/30/2026 2:50:00 PM,CMIN,7383.2884,
4/30/2026 2:45:00 PM,DIPC,4/30/2026 2:50:00 PM,CVIS,7407.8528,
4/30/2026 2:45:00 PM,DIPC,4/30/2026 2:50:00 PM,SYSTEM,7386.1203,
4/30/2026 2:50:00 PM,DIPC,4/30/2026 2:55:00 PM,CLUZ,6520.4095,
4/30/2026 2:50:00 PM,DIPC,4/30/2026 2:55:00 PM,CMIN,6521.4407,
4/30/2026 2:50:00 PM,DIPC,4/30/2026 2:55:00 PM,CVIS,6528.0571,
4/30/2026 2:50:00 PM,DIPC,4/30/2026 2:55:00 PM,SYSTEM,6521.5434,
4/30/2026 2:55:00 PM,DIPC,4/30/2026 3:00:00 PM,CLUZ,6995.1090,
4/30/2026 2:55:00 PM,DIPC,4/30/2026 3:00:00 PM,CMIN,6995.9407,
4/30/2026 2:55:00 PM,DIPC,4/30/2026 3:00:00 PM,CVIS,6996.3591,
4/30/2026 2:55:00 PM,DIPC,4/30/2026 3:00:00 PM,SYSTEM,6995.3915,
4/30/2026 3:00:00 PM,DIPC,4/30/2026 3:05:00 PM,CLUZ,6779.3545,
4/30/2026 3:00:00 PM,DIPC,4/30/2026 3:05:00 PM,CMIN,6793.7855,
4/30/2026 3:00:00 PM,DIPC,4/30/2026 3:05:00 PM,CVIS,6788.2353,
4/30/2026 3:00:00 PM,DIPC,4/30/2026 3:05:00 PM,SYSTEM,6782.6417,
4/30/2026 3:05:00 PM,DIPC,4/30/2026 3:10:00 PM,CLUZ,6765.7553,
4/30/2026 3:05:00 PM,DIPC,4/30/2026 3:10:00 PM,CMIN,6769.3891,
4/30/2026 3:05:00 PM,DIPC,4/30/2026 3:10:00 PM,CVIS,6768.9171,
4/30/2026 3:05:00 PM,DIPC,4/30/2026 3:10:00 PM,SYSTEM,6766.7018,
4/30/2026 3:10:00 PM,DIPC,4/30/2026 3:15:00 PM,CLUZ,6914.8120,
4/30/2026 3:10:00 PM,DIPC,4/30/2026 3:15:00 PM,CMIN,6915.5551,
4/30/2026 3:10:00 PM,DIPC,4/30/2026 3:15:00 PM,CVIS,6922.9967,
4/30/2026 3:10:00 PM,DIPC,4/30/2026 3:15:00 PM,SYSTEM,6915.9751,
4/30/2026 3:15:00 PM,DIPC,4/30/2026 3:20:00 PM,CLUZ,7054.3468,
4/30/2026 3:15:00 PM,DIPC,4/30/2026 3:20:00 PM,CMIN,7052.9048,
4/30/2026 3:15:00 PM,DIPC,4/30/2026 3:20:00 PM,CVIS,7057.8093,
4/30/2026 3:15:00 PM,DIPC,4/30/2026 3:20:00 PM,SYSTEM,7054.5773,
4/30/2026 3:20:00 PM,DIPC,4/30/2026 3:25:00 PM,CLUZ,7524.8856,
4/30/2026 3:20:00 PM,DIPC,4/30/2026 3:25:00 PM,CMIN,7525.8179,
4/30/2026 3:20:00 PM,DIPC,4/30/2026 3:25:00 PM,CVIS,7532.9673,
4/30/2026 3:20:00 PM,DIPC,4/30/2026 3:25:00 PM,SYSTEM,7526.0444,
4/30/2026 3:25:00 PM,DIPC,4/30/2026 3:30:00 PM,CLUZ,7636.9749,
4/30/2026 3:25:00 PM,DIPC,4/30/2026 3:30:00 PM,CMIN,7640.2236,
4/30/2026 3:25:00 PM,DIPC,4/30/2026 3:30:00 PM,CVIS,7649.9802,
4/30/2026 3:25:00 PM,DIPC,4/30/2026 3:30:00 PM,SYSTEM,7639.10,
4/30/2026 3:30:00 PM,DIPC,4/30/2026 3:35:00 PM,CLUZ,8909.9676,
4/30/2026 3:30:00 PM,DIPC,4/30/2026 3:35:00 PM,CMIN,8903.6034,
4/30/2026 3:30:00 PM,DIPC,4/30/2026 3:35:00 PM,CVIS,8929.1738,
4/30/2026 3:30:00 PM,DIPC,4/30/2026 3:35:00 PM,SYSTEM,8911.4968,
4/30/2026 3:35:00 PM,DIPC,4/30/2026 3:40:00 PM,CLUZ,7701.5140,
4/30/2026 3:35:00 PM,DIPC,4/30/2026 3:40:00 PM,CMIN,7702.9396,
4/30/2026 3:35:00 PM,DIPC,4/30/2026 3:40:00 PM,CVIS,7709.7505,
4/30/2026 3:35:00 PM,DIPC,4/30/2026 3:40:00 PM,SYSTEM,7702.7706,
4/30/2026 3:40:00 PM,DIPC,4/30/2026 3:45:00 PM,CLUZ,7486.5518,
4/30/2026 3:40:00 PM,DIPC,4/30/2026 3:45:00 PM,CMIN,7495.0584,
4/30/2026 3:40:00 PM,DIPC,4/30/2026 3:45:00 PM,CVIS,7503.1081,
4/30/2026 3:40:00 PM,DIPC,4/30/2026 3:45:00 PM,SYSTEM,7489.8946,
4/30/2026 3:45:00 PM,DIPC,4/30/2026 3:50:00 PM,CLUZ,9279.5217,
4/30/2026 3:45:00 PM,DIPC,4/30/2026 3:50:00 PM,CMIN,9272.9877,
4/30/2026 3:45:00 PM,DIPC,4/30/2026 3:50:00 PM,CVIS,9294.8820,
4/30/2026 3:45:00 PM,DIPC,4/30/2026 3:50:00 PM,SYSTEM,9280.5308,
4/30/2026 3:50:00 PM,DIPC,4/30/2026 3:55:00 PM,CLUZ,8780.0443,
4/30/2026 3:50:00 PM,DIPC,4/30/2026 3:55:00 PM,CMIN,8777.5771,
4/30/2026 3:50:00 PM,DIPC,4/30/2026 3:55:00 PM,CVIS,8793.6253,
4/30/2026 3:50:00 PM,DIPC,4/30/2026 3:55:00 PM,SYSTEM,8781.4188,
4/30/2026 3:55:00 PM,DIPC,4/30/2026 4:00:00 PM,CLUZ,9112.5995,
4/30/2026 3:55:00 PM,DIPC,4/30/2026 4:00:00 PM,CMIN,9120.5566,
4/30/2026 3:55:00 PM,DIPC,4/30/2026 4:00:00 PM,CVIS,9120.4761,
4/30/2026 3:55:00 PM,DIPC,4/30/2026 4:00:00 PM,SYSTEM,9114.7475,
4/30/2026 4:00:00 PM,DIPC,4/30/2026 4:05:00 PM,CLUZ,9481.3586,
4/30/2026 4:00:00 PM,DIPC,4/30/2026 4:05:00 PM,CMIN,9538.5546,
4/30/2026 4:00:00 PM,DIPC,4/30/2026 4:05:00 PM,CVIS,9551.9603,
4/30/2026 4:00:00 PM,DIPC,4/30/2026 4:05:00 PM,SYSTEM,9498.4420,
4/30/2026 4:05:00 PM,DIPC,4/30/2026 4:10:00 PM,CLUZ,7895.1661,
4/30/2026 4:05:00 PM,DIPC,4/30/2026 4:10:00 PM,CMIN,7910.0789,
4/30/2026 4:05:00 PM,DIPC,4/30/2026 4:10:00 PM,CVIS,7920.0466,
4/30/2026 4:05:00 PM,DIPC,4/30/2026 4:10:00 PM,SYSTEM,7900.4542,
4/30/2026 4:10:00 PM,DIPC,4/30/2026 4:15:00 PM,CLUZ,7841.8303,
4/30/2026 4:10:00 PM,DIPC,4/30/2026 4:15:00 PM,CMIN,7856.6652,
4/30/2026 4:10:00 PM,DIPC,4/30/2026 4:15:00 PM,CVIS,7848.2396,
4/30/2026 4:10:00 PM,DIPC,4/30/2026 4:15:00 PM,SYSTEM,7844.7787,
4/30/2026 4:15:00 PM,DIPC,4/30/2026 4:20:00 PM,CLUZ,8042.2216,
4/30/2026 4:15:00 PM,DIPC,4/30/2026 4:20:00 PM,CMIN,8055.7556,
4/30/2026 4:15:00 PM,DIPC,4/30/2026 4:20:00 PM,CVIS,8052.0381,
4/30/2026 4:15:00 PM,DIPC,4/30/2026 4:20:00 PM,SYSTEM,8045.4010,
4/30/2026 4:20:00 PM,DIPC,4/30/2026 4:25:00 PM,CLUZ,7938.5742,
4/30/2026 4:20:00 PM,DIPC,4/30/2026 4:25:00 PM,CMIN,7946.8668,
4/30/2026 4:20:00 PM,DIPC,4/30/2026 4:25:00 PM,CVIS,7946.8607,
4/30/2026 4:20:00 PM,DIPC,4/30/2026 4:25:00 PM,SYSTEM,7940.8060,
4/30/2026 4:25:00 PM,DIPC,4/30/2026 4:30:00 PM,CLUZ,7941.0314,
4/30/2026 4:25:00 PM,DIPC,4/30/2026 4:30:00 PM,CMIN,7951.5048,
4/30/2026 4:25:00 PM,DIPC,4/30/2026 4:30:00 PM,CVIS,7949.1165,
4/30/2026 4:25:00 PM,DIPC,4/30/2026 4:30:00 PM,SYSTEM,7943.5603,
4/30/2026 4:30:00 PM,DIPC,4/30/2026 4:35:00 PM,CLUZ,8322.1108,
4/30/2026 4:30:00 PM,DIPC,4/30/2026 4:35:00 PM,CMIN,8343.0276,
4/30/2026 4:30:00 PM,DIPC,4/30/2026 4:35:00 PM,CVIS,8347.0223,
4/30/2026 4:30:00 PM,DIPC,4/30/2026 4:35:00 PM,SYSTEM,8328.2835,
4/30/2026 4:35:00 PM,DIPC,4/30/2026 4:40:00 PM,CLUZ,7974.8914,
4/30/2026 4:35:00 PM,DIPC,4/30/2026 4:40:00 PM,CMIN,7987.9867,
4/30/2026 4:35:00 PM,DIPC,4/30/2026 4:40:00 PM,CVIS,7989.1367,
4/30/2026 4:35:00 PM,DIPC,4/30/2026 4:40:00 PM,SYSTEM,7978.5744,
4/30/2026 4:40:00 PM,DIPC,4/30/2026 4:45:00 PM,CLUZ,8604.0361,
4/30/2026 4:40:00 PM,DIPC,4/30/2026 4:45:00 PM,CMIN,8631.6422,
4/30/2026 4:40:00 PM,DIPC,4/30/2026 4:45:00 PM,CVIS,8617.0421,
4/30/2026 4:40:00 PM,DIPC,4/30/2026 4:45:00 PM,SYSTEM,8609.6497,
4/30/2026 4:45:00 PM,DIPC,4/30/2026 4:50:00 PM,CLUZ,8117.2372,
4/30/2026 4:45:00 PM,DIPC,4/30/2026 4:50:00 PM,CMIN,8139.7191,
4/30/2026 4:45:00 PM,DIPC,4/30/2026 4:50:00 PM,CVIS,8142.4562,
4/30/2026 4:45:00 PM,DIPC,4/30/2026 4:50:00 PM,SYSTEM,8123.6664,
4/30/2026 4:50:00 PM,DIPC,4/30/2026 4:55:00 PM,CLUZ,7921.3352,
4/30/2026 4:50:00 PM,DIPC,4/30/2026 4:55:00 PM,CMIN,7945.5066,
4/30/2026 4:50:00 PM,DIPC,4/30/2026 4:55:00 PM,CVIS,7937.2710,
4/30/2026 4:50:00 PM,DIPC,4/30/2026 4:55:00 PM,SYSTEM,7926.8216,
4/30/2026 4:55:00 PM,DIPC,4/30/2026 5:00:00 PM,CLUZ,7785.8622,
4/30/2026 4:55:00 PM,DIPC,4/30/2026 5:00:00 PM,CMIN,7805.5656,
4/30/2026 4:55:00 PM,DIPC,4/30/2026 5:00:00 PM,CVIS,7811.9038,
4/30/2026 4:55:00 PM,DIPC,4/30/2026 5:00:00 PM,SYSTEM,7791.9693,
4/30/2026 5:00:00 PM,DIPC,4/30/2026 5:05:00 PM,CLUZ,8204.41,
4/30/2026 5:00:00 PM,DIPC,4/30/2026 5:05:00 PM,CMIN,8214.2645,
4/30/2026 5:00:00 PM,DIPC,4/30/2026 5:05:00 PM,CVIS,8217.6707,
4/30/2026 5:00:00 PM,DIPC,4/30/2026 5:05:00 PM,SYSTEM,8207.4625,
4/30/2026 5:05:00 PM,DIPC,4/30/2026 5:10:00 PM,CLUZ,6999.5956,
4/30/2026 5:05:00 PM,DIPC,4/30/2026 5:10:00 PM,CMIN,7011.4832,
4/30/2026 5:05:00 PM,DIPC,4/30/2026 5:10:00 PM,CVIS,7015.1197,
4/30/2026 5:05:00 PM,DIPC,4/30/2026 5:10:00 PM,SYSTEM,7003.2733,
4/30/2026 5:10:00 PM,DIPC,4/30/2026 5:15:00 PM,CLUZ,6972.2513,
4/30/2026 5:10:00 PM,DIPC,4/30/2026 5:15:00 PM,CMIN,6986.4912,
4/30/2026 5:10:00 PM,DIPC,4/30/2026 5:15:00 PM,CVIS,6981.1506,
4/30/2026 5:10:00 PM,DIPC,4/30/2026 5:15:00 PM,SYSTEM,6975.3983,
4/30/2026 5:15:00 PM,DIPC,4/30/2026 5:20:00 PM,CLUZ,7635.3202,
4/30/2026 5:15:00 PM,DIPC,4/30/2026 5:20:00 PM,CMIN,7658.3522,
4/30/2026 5:15:00 PM,DIPC,4/30/2026 5:20:00 PM,CVIS,7641.7362,
4/30/2026 5:15:00 PM,DIPC,4/30/2026 5:20:00 PM,SYSTEM,7639.4532,
4/30/2026 5:20:00 PM,DIPC,4/30/2026 5:25:00 PM,CLUZ,6633.3612,
4/30/2026 5:20:00 PM,DIPC,4/30/2026 5:25:00 PM,CMIN,6635.8887,
4/30/2026 5:20:00 PM,DIPC,4/30/2026 5:25:00 PM,CVIS,6638.1862,
4/30/2026 5:20:00 PM,DIPC,4/30/2026 5:25:00 PM,SYSTEM,6634.3433,
4/30/2026 5:25:00 PM,DIPC,4/30/2026 5:30:00 PM,CLUZ,7234.0249,
4/30/2026 5:25:00 PM,DIPC,4/30/2026 5:30:00 PM,CMIN,7234.3543,
4/30/2026 5:25:00 PM,DIPC,4/30/2026 5:30:00 PM,CVIS,7237.3699,
4/30/2026 5:25:00 PM,DIPC,4/30/2026 5:30:00 PM,SYSTEM,7234.5017,
4/30/2026 5:30:00 PM,DIPC,4/30/2026 5:35:00 PM,CLUZ,7554.7106,
4/30/2026 5:30:00 PM,DIPC,4/30/2026 5:35:00 PM,CMIN,7552.3029,
4/30/2026 5:30:00 PM,DIPC,4/30/2026 5:35:00 PM,CVIS,7556.4593,
4/30/2026 5:30:00 PM,DIPC,4/30/2026 5:35:00 PM,SYSTEM,7554.5853,
4/30/2026 5:35:00 PM,DIPC,4/30/2026 5:40:00 PM,CLUZ,7718.8196,
4/30/2026 5:35:00 PM,DIPC,4/30/2026 5:40:00 PM,CMIN,7717.9834,
4/30/2026 5:35:00 PM,DIPC,4/30/2026 5:40:00 PM,CVIS,7724.0971,
4/30/2026 5:35:00 PM,DIPC,4/30/2026 5:40:00 PM,SYSTEM,7719.3745,
4/30/2026 5:40:00 PM,DIPC,4/30/2026 5:45:00 PM,CLUZ,8180.4977,
4/30/2026 5:40:00 PM,DIPC,4/30/2026 5:45:00 PM,CMIN,8180.4916,
4/30/2026 5:40:00 PM,DIPC,4/30/2026 5:45:00 PM,CVIS,8186.7262,
4/30/2026 5:40:00 PM,DIPC,4/30/2026 5:45:00 PM,SYSTEM,8181.3003,
4/30/2026 5:45:00 PM,DIPC,4/30/2026 5:50:00 PM,CLUZ,8813.9564,
4/30/2026 5:45:00 PM,DIPC,4/30/2026 5:50:00 PM,CMIN,8814.3986,
4/30/2026 5:45:00 PM,DIPC,4/30/2026 5:50:00 PM,CVIS,8823.7955,
4/30/2026 5:45:00 PM,DIPC,4/30/2026 5:50:00 PM,SYSTEM,8815.2911,
4/30/2026 5:50:00 PM,DIPC,4/30/2026 5:55:00 PM,CLUZ,9956.5538,
4/30/2026 5:50:00 PM,DIPC,4/30/2026 5:55:00 PM,CMIN,9962.9163,
4/30/2026 5:50:00 PM,DIPC,4/30/2026 5:55:00 PM,CVIS,9972.6501,
4/30/2026 5:50:00 PM,DIPC,4/30/2026 5:55:00 PM,SYSTEM,9959.5506,
4/30/2026 5:55:00 PM,DIPC,4/30/2026 6:00:00 PM,CLUZ,9463.1748,
4/30/2026 5:55:00 PM,DIPC,4/30/2026 6:00:00 PM,CMIN,9462.3751,
4/30/2026 5:55:00 PM,DIPC,4/30/2026 6:00:00 PM,CVIS,9483.7453,
4/30/2026 5:55:00 PM,DIPC,4/30/2026 6:00:00 PM,SYSTEM,9465.7480,
4/30/2026 6:00:00 PM,DIPC,4/30/2026 6:05:00 PM,CLUZ,9530.9426,
4/30/2026 6:00:00 PM,DIPC,4/30/2026 6:05:00 PM,CMIN,9531.6644,
4/30/2026 6:00:00 PM,DIPC,4/30/2026 6:05:00 PM,CVIS,9556.0247,
4/30/2026 6:00:00 PM,DIPC,4/30/2026 6:05:00 PM,SYSTEM,9534.3421,
4/30/2026 6:05:00 PM,DIPC,4/30/2026 6:10:00 PM,CLUZ,9769.7564,
4/30/2026 6:05:00 PM,DIPC,4/30/2026 6:10:00 PM,CMIN,9770.3135,
4/30/2026 6:05:00 PM,DIPC,4/30/2026 6:10:00 PM,CVIS,9795.1109,
4/30/2026 6:05:00 PM,DIPC,4/30/2026 6:10:00 PM,SYSTEM,9773.1801,
4/30/2026 6:10:00 PM,DIPC,4/30/2026 6:15:00 PM,CLUZ,9971.2360,
4/30/2026 6:10:00 PM,DIPC,4/30/2026 6:15:00 PM,CMIN,9971.5069,
4/30/2026 6:10:00 PM,DIPC,4/30/2026 6:15:00 PM,CVIS,9997.1710,
4/30/2026 6:10:00 PM,DIPC,4/30/2026 6:15:00 PM,SYSTEM,9974.7424,
4/30/2026 6:15:00 PM,DIPC,4/30/2026 6:20:00 PM,CLUZ,10370.3706,
4/30/2026 6:15:00 PM,DIPC,4/30/2026 6:20:00 PM,CMIN,10370.7629,
4/30/2026 6:15:00 PM,DIPC,4/30/2026 6:20:00 PM,CVIS,10396.1578,
4/30/2026 6:15:00 PM,DIPC,4/30/2026 6:20:00 PM,SYSTEM,10373.8891,
4/30/2026 6:20:00 PM,DIPC,4/30/2026 6:25:00 PM,CLUZ,10230.6514,
4/30/2026 6:20:00 PM,DIPC,4/30/2026 6:25:00 PM,CMIN,10231.3520,
4/30/2026 6:20:00 PM,DIPC,4/30/2026 6:25:00 PM,CVIS,10256.2891,
4/30/2026 6:20:00 PM,DIPC,4/30/2026 6:25:00 PM,SYSTEM,10234.2078,
4/30/2026 6:25:00 PM,DIPC,4/30/2026 6:30:00 PM,CLUZ,9843.5054,
4/30/2026 6:25:00 PM,DIPC,4/30/2026 6:30:00 PM,CMIN,9843.6907,
4/30/2026 6:25:00 PM,DIPC,4/30/2026 6:30:00 PM,CVIS,9864.6086,
4/30/2026 6:25:00 PM,DIPC,4/30/2026 6:30:00 PM,SYSTEM,9846.3284,
4/30/2026 6:30:00 PM,DIPC,4/30/2026 6:35:00 PM,CLUZ,9937.0381,
4/30/2026 6:30:00 PM,DIPC,4/30/2026 6:35:00 PM,CMIN,9936.4726,
4/30/2026 6:30:00 PM,DIPC,4/30/2026 6:35:00 PM,CVIS,9956.2597,
4/30/2026 6:30:00 PM,DIPC,4/30/2026 6:35:00 PM,SYSTEM,9939.5170,
4/30/2026 6:35:00 PM,DIPC,4/30/2026 6:40:00 PM,CLUZ,9829.5455,
4/30/2026 6:35:00 PM,DIPC,4/30/2026 6:40:00 PM,CMIN,9839.2288,
4/30/2026 6:35:00 PM,DIPC,4/30/2026 6:40:00 PM,CVIS,9855.7781,
4/30/2026 6:35:00 PM,DIPC,4/30/2026 6:40:00 PM,SYSTEM,9834.4655,
4/30/2026 6:40:00 PM,DIPC,4/30/2026 6:45:00 PM,CLUZ,10695.2855,
4/30/2026 6:40:00 PM,DIPC,4/30/2026 6:45:00 PM,CMIN,10707.5113,
4/30/2026 6:40:00 PM,DIPC,4/30/2026 6:45:00 PM,CVIS,10717.8909,
4/30/2026 6:40:00 PM,DIPC,4/30/2026 6:45:00 PM,SYSTEM,10700.0778,
4/30/2026 6:45:00 PM,DIPC,4/30/2026 6:50:00 PM,CLUZ,10640.2010,
4/30/2026 6:45:00 PM,DIPC,4/30/2026 6:50:00 PM,CMIN,10681.5565,
4/30/2026 6:45:00 PM,DIPC,4/30/2026 6:50:00 PM,CVIS,10665.0639,
4/30/2026 6:45:00 PM,DIPC,4/30/2026 6:50:00 PM,SYSTEM,10649.5341,
4/30/2026 6:50:00 PM,DIPC,4/30/2026 6:55:00 PM,CLUZ,10387.6102,
4/30/2026 6:50:00 PM,DIPC,4/30/2026 6:55:00 PM,CMIN,10410.5360,
4/30/2026 6:50:00 PM,DIPC,4/30/2026 6:55:00 PM,CVIS,10397.6329,
4/30/2026 6:50:00 PM,DIPC,4/30/2026 6:55:00 PM,SYSTEM,10392.2729,
4/30/2026 6:55:00 PM,DIPC,4/30/2026 7:00:00 PM,CLUZ,8819.1149,
4/30/2026 6:55:00 PM,DIPC,4/30/2026 7:00:00 PM,CMIN,8848.8446,
4/30/2026 6:55:00 PM,DIPC,4/30/2026 7:00:00 PM,CVIS,8848.2725,
4/30/2026 6:55:00 PM,DIPC,4/30/2026 7:00:00 PM,SYSTEM,8827.2157,
4/30/2026 7:00:00 PM,DIPC,4/30/2026 7:05:00 PM,CLUZ,8745.3890,
4/30/2026 7:00:00 PM,DIPC,4/30/2026 7:05:00 PM,CMIN,8739.9763,
4/30/2026 7:00:00 PM,DIPC,4/30/2026 7:05:00 PM,CVIS,8773.1736,
4/30/2026 7:00:00 PM,DIPC,4/30/2026 7:05:00 PM,SYSTEM,8748.2813,
4/30/2026 7:05:00 PM,DIPC,4/30/2026 7:10:00 PM,CLUZ,8450.7121,
4/30/2026 7:05:00 PM,DIPC,4/30/2026 7:10:00 PM,CMIN,8445.1993,
4/30/2026 7:05:00 PM,DIPC,4/30/2026 7:10:00 PM,CVIS,8460.2536,
4/30/2026 7:05:00 PM,DIPC,4/30/2026 7:10:00 PM,SYSTEM,8451.1681,
4/30/2026 7:10:00 PM,DIPC,4/30/2026 7:15:00 PM,CLUZ,8410.5983,
4/30/2026 7:10:00 PM,DIPC,4/30/2026 7:15:00 PM,CMIN,8404.5279,
4/30/2026 7:10:00 PM,DIPC,4/30/2026 7:15:00 PM,CVIS,8419.4968,
4/30/2026 7:10:00 PM,DIPC,4/30/2026 7:15:00 PM,SYSTEM,8410.8937,
4/30/2026 7:15:00 PM,DIPC,4/30/2026 7:20:00 PM,CLUZ,9326.3817,
4/30/2026 7:15:00 PM,DIPC,4/30/2026 7:20:00 PM,CMIN,9332.3940,
4/30/2026 7:15:00 PM,DIPC,4/30/2026 7:20:00 PM,CVIS,9346.4142,
4/30/2026 7:15:00 PM,DIPC,4/30/2026 7:20:00 PM,SYSTEM,9329.8867,
4/30/2026 7:20:00 PM,DIPC,4/30/2026 7:25:00 PM,CLUZ,7665.1254,
4/30/2026 7:20:00 PM,DIPC,4/30/2026 7:25:00 PM,CMIN,7665.8243,
4/30/2026 7:20:00 PM,DIPC,4/30/2026 7:25:00 PM,CVIS,7693.6219,
4/30/2026 7:20:00 PM,DIPC,4/30/2026 7:25:00 PM,SYSTEM,7668.9423,
4/30/2026 7:25:00 PM,DIPC,4/30/2026 7:30:00 PM,CLUZ,7558.1627,
4/30/2026 7:25:00 PM,DIPC,4/30/2026 7:30:00 PM,CMIN,7559.0563,
4/30/2026 7:25:00 PM,DIPC,4/30/2026 7:30:00 PM,CVIS,7578.1699,
4/30/2026 7:25:00 PM,DIPC,4/30/2026 7:30:00 PM,SYSTEM,7560.9317,
4/30/2026 7:30:00 PM,DIPC,4/30/2026 7:35:00 PM,CLUZ,7426.9923,
4/30/2026 7:30:00 PM,DIPC,4/30/2026 7:35:00 PM,CMIN,7431.7612,
4/30/2026 7:30:00 PM,DIPC,4/30/2026 7:35:00 PM,CVIS,7429.3098,
4/30/2026 7:30:00 PM,DIPC,4/30/2026 7:35:00 PM,SYSTEM,7427.9910,
4/30/2026 7:35:00 PM,DIPC,4/30/2026 7:40:00 PM,CLUZ,7425.1945,
4/30/2026 7:35:00 PM,DIPC,4/30/2026 7:40:00 PM,CMIN,7434.6813,
4/30/2026 7:35:00 PM,DIPC,4/30/2026 7:40:00 PM,CVIS,7444.5325,
4/30/2026 7:35:00 PM,DIPC,4/30/2026 7:40:00 PM,SYSTEM,7429.0692,
4/30/2026 7:40:00 PM,DIPC,4/30/2026 7:45:00 PM,CLUZ,7231.9035,
4/30/2026 7:40:00 PM,DIPC,4/30/2026 7:45:00 PM,CMIN,7247.4639,
4/30/2026 7:40:00 PM,DIPC,4/30/2026 7:45:00 PM,CVIS,7255.4401,
4/30/2026 7:40:00 PM,DIPC,4/30/2026 7:45:00 PM,SYSTEM,7237.1989,
4/30/2026 7:45:00 PM,DIPC,4/30/2026 7:50:00 PM,CLUZ,7311.9113,
4/30/2026 7:45:00 PM,DIPC,4/30/2026 7:50:00 PM,CMIN,7334.6449,
4/30/2026 7:45:00 PM,DIPC,4/30/2026 7:50:00 PM,CVIS,7325.8466,
4/30/2026 7:45:00 PM,DIPC,4/30/2026 7:50:00 PM,SYSTEM,7317.0201,
4/30/2026 7:50:00 PM,DIPC,4/30/2026 7:55:00 PM,CLUZ,7189.9525,
4/30/2026 7:50:00 PM,DIPC,4/30/2026 7:55:00 PM,CMIN,7195.9975,
4/30/2026 7:50:00 PM,DIPC,4/30/2026 7:55:00 PM,CVIS,7201.7755,
4/30/2026 7:50:00 PM,DIPC,4/30/2026 7:55:00 PM,SYSTEM,7192.3728,
4/30/2026 7:55:00 PM,DIPC,4/30/2026 8:00:00 PM,CLUZ,7040.8312,
4/30/2026 7:55:00 PM,DIPC,4/30/2026 8:00:00 PM,CMIN,7041.3267,
4/30/2026 7:55:00 PM,DIPC,4/30/2026 8:00:00 PM,CVIS,7052.7858,
4/30/2026 7:55:00 PM,DIPC,4/30/2026 8:00:00 PM,SYSTEM,7042.4628,
4/30/2026 8:00:00 PM,DIPC,4/30/2026 8:05:00 PM,CLUZ,8181.6201,
4/30/2026 8:00:00 PM,DIPC,4/30/2026 8:05:00 PM,CMIN,8178.4632,
4/30/2026 8:00:00 PM,DIPC,4/30/2026 8:05:00 PM,CVIS,8195.9716,
4/30/2026 8:00:00 PM,DIPC,4/30/2026 8:05:00 PM,SYSTEM,8183.0341,
4/30/2026 8:05:00 PM,DIPC,4/30/2026 8:10:00 PM,CLUZ,7967.5435,
4/30/2026 8:05:00 PM,DIPC,4/30/2026 8:10:00 PM,CMIN,7980.1459,
4/30/2026 8:05:00 PM,DIPC,4/30/2026 8:10:00 PM,CVIS,7976.7048,
4/30/2026 8:05:00 PM,DIPC,4/30/2026 8:10:00 PM,SYSTEM,7970.5446,
4/30/2026 8:10:00 PM,DIPC,4/30/2026 8:15:00 PM,CLUZ,7994.9347,
4/30/2026 8:10:00 PM,DIPC,4/30/2026 8:15:00 PM,CMIN,7995.7420,
4/30/2026 8:10:00 PM,DIPC,4/30/2026 8:15:00 PM,CVIS,8007.2329,
4/30/2026 8:10:00 PM,DIPC,4/30/2026 8:15:00 PM,SYSTEM,7996.6348,
4/30/2026 8:15:00 PM,DIPC,4/30/2026 8:20:00 PM,CLUZ,7950.5405,
4/30/2026 8:15:00 PM,DIPC,4/30/2026 8:20:00 PM,CMIN,7951.0283,
4/30/2026 8:15:00 PM,DIPC,4/30/2026 8:20:00 PM,CVIS,7956.0250,
4/30/2026 8:15:00 PM,DIPC,4/30/2026 8:20:00 PM,SYSTEM,7951.3243,
4/30/2026 8:20:00 PM,DIPC,4/30/2026 8:25:00 PM,CLUZ,7897.2133,
4/30/2026 8:20:00 PM,DIPC,4/30/2026 8:25:00 PM,CMIN,7893.9967,
4/30/2026 8:20:00 PM,DIPC,4/30/2026 8:25:00 PM,CVIS,7896.8022,
4/30/2026 8:20:00 PM,DIPC,4/30/2026 8:25:00 PM,SYSTEM,7896.6906,
4/30/2026 8:25:00 PM,DIPC,4/30/2026 8:30:00 PM,CLUZ,7835.5696,
4/30/2026 8:25:00 PM,DIPC,4/30/2026 8:30:00 PM,CMIN,7840.7016,
4/30/2026 8:25:00 PM,DIPC,4/30/2026 8:30:00 PM,CVIS,7839.2061,
4/30/2026 8:25:00 PM,DIPC,4/30/2026 8:30:00 PM,SYSTEM,7836.7771,
4/30/2026 8:30:00 PM,DIPC,4/30/2026 8:35:00 PM,CLUZ,7739.1306,
4/30/2026 8:30:00 PM,DIPC,4/30/2026 8:35:00 PM,CMIN,7728.5106,
4/30/2026 8:30:00 PM,DIPC,4/30/2026 8:35:00 PM,CVIS,7740.1244,
4/30/2026 8:30:00 PM,DIPC,4/30/2026 8:35:00 PM,SYSTEM,7737.7121,
4/30/2026 8:35:00 PM,DIPC,4/30/2026 8:40:00 PM,CLUZ,7565.9174,
4/30/2026 8:35:00 PM,DIPC,4/30/2026 8:40:00 PM,CMIN,7563.7354,
4/30/2026 8:35:00 PM,DIPC,4/30/2026 8:40:00 PM,CVIS,7575.8036,
4/30/2026 8:35:00 PM,DIPC,4/30/2026 8:40:00 PM,SYSTEM,7566.8838,
4/30/2026 8:40:00 PM,DIPC,4/30/2026 8:45:00 PM,CLUZ,7554.9909,
4/30/2026 8:40:00 PM,DIPC,4/30/2026 8:45:00 PM,CMIN,7553.6183,
4/30/2026 8:40:00 PM,DIPC,4/30/2026 8:45:00 PM,CVIS,7554.1085,
4/30/2026 8:40:00 PM,DIPC,4/30/2026 8:45:00 PM,SYSTEM,7554.6771,
4/30/2026 8:45:00 PM,DIPC,4/30/2026 8:50:00 PM,CLUZ,6833.6577,
4/30/2026 8:45:00 PM,DIPC,4/30/2026 8:50:00 PM,CMIN,6851.0169,
4/30/2026 8:45:00 PM,DIPC,4/30/2026 8:50:00 PM,CVIS,6840.8681,
4/30/2026 8:45:00 PM,DIPC,4/30/2026 8:50:00 PM,SYSTEM,6837.1059,
4/30/2026 8:50:00 PM,DIPC,4/30/2026 8:55:00 PM,CLUZ,6727.5597,
4/30/2026 8:50:00 PM,DIPC,4/30/2026 8:55:00 PM,CMIN,6726.8260,
4/30/2026 8:50:00 PM,DIPC,4/30/2026 8:55:00 PM,CVIS,6740.1599,
4/30/2026 8:50:00 PM,DIPC,4/30/2026 8:55:00 PM,SYSTEM,6729.0840,
4/30/2026 8:55:00 PM,DIPC,4/30/2026 9:00:00 PM,CLUZ,6530.7589,
4/30/2026 8:55:00 PM,DIPC,4/30/2026 9:00:00 PM,CMIN,6534.3436,
4/30/2026 8:55:00 PM,DIPC,4/30/2026 9:00:00 PM,CVIS,6535.7277,
4/30/2026 8:55:00 PM,DIPC,4/30/2026 9:00:00 PM,SYSTEM,6531.9202,
4/30/2026 9:00:00 PM,DIPC,4/30/2026 9:05:00 PM,CLUZ,9063.3808,
4/30/2026 9:00:00 PM,DIPC,4/30/2026 9:05:00 PM,CMIN,9064.1111,
4/30/2026 9:00:00 PM,DIPC,4/30/2026 9:05:00 PM,CVIS,9070.2465,
4/30/2026 9:00:00 PM,DIPC,4/30/2026 9:05:00 PM,SYSTEM,9064.3698,
4/30/2026 9:05:00 PM,DIPC,4/30/2026 9:10:00 PM,CLUZ,6863.6560,
4/30/2026 9:05:00 PM,DIPC,4/30/2026 9:10:00 PM,CMIN,6863.5519,
4/30/2026 9:05:00 PM,DIPC,4/30/2026 9:10:00 PM,CVIS,6866.9432,
4/30/2026 9:05:00 PM,DIPC,4/30/2026 9:10:00 PM,SYSTEM,6864.0619,
4/30/2026 9:10:00 PM,DIPC,4/30/2026 9:15:00 PM,CLUZ,6797.7607,
4/30/2026 9:10:00 PM,DIPC,4/30/2026 9:15:00 PM,CMIN,6797.5742,
4/30/2026 9:10:00 PM,DIPC,4/30/2026 9:15:00 PM,CVIS,6804.1578,
4/30/2026 9:10:00 PM,DIPC,4/30/2026 9:15:00 PM,SYSTEM,6798.5520,
4/30/2026 9:15:00 PM,DIPC,4/30/2026 9:20:00 PM,CLUZ,8017.8201,
4/30/2026 9:15:00 PM,DIPC,4/30/2026 9:20:00 PM,CMIN,8018.9222,
4/30/2026 9:15:00 PM,DIPC,4/30/2026 9:20:00 PM,CVIS,8024.3107,
4/30/2026 9:15:00 PM,DIPC,4/30/2026 9:20:00 PM,SYSTEM,8018.8058,
4/30/2026 9:20:00 PM,DIPC,4/30/2026 9:25:00 PM,CLUZ,7430.4974,
4/30/2026 9:20:00 PM,DIPC,4/30/2026 9:25:00 PM,CMIN,7418.0974,
4/30/2026 9:20:00 PM,DIPC,4/30/2026 9:25:00 PM,CVIS,7421.8267,
4/30/2026 9:20:00 PM,DIPC,4/30/2026 9:25:00 PM,SYSTEM,7427.6004,
4/30/2026 9:25:00 PM,DIPC,4/30/2026 9:30:00 PM,CLUZ,6975.4280,
4/30/2026 9:25:00 PM,DIPC,4/30/2026 9:30:00 PM,CMIN,6974.7029,
4/30/2026 9:25:00 PM,DIPC,4/30/2026 9:30:00 PM,CVIS,6976.9701,
4/30/2026 9:25:00 PM,DIPC,4/30/2026 9:30:00 PM,SYSTEM,6975.5171,
4/30/2026 9:30:00 PM,DIPC,4/30/2026 9:35:00 PM,CLUZ,6545.6097,
4/30/2026 9:30:00 PM,DIPC,4/30/2026 9:35:00 PM,CMIN,6538.0186,
4/30/2026 9:30:00 PM,DIPC,4/30/2026 9:35:00 PM,CVIS,6538.0640,
4/30/2026 9:30:00 PM,DIPC,4/30/2026 9:35:00 PM,SYSTEM,6543.5728,
4/30/2026 9:35:00 PM,DIPC,4/30/2026 9:40:00 PM,CLUZ,6514.7261,
4/30/2026 9:35:00 PM,DIPC,4/30/2026 9:40:00 PM,CMIN,6511.0179,
4/30/2026 9:35:00 PM,DIPC,4/30/2026 9:40:00 PM,CVIS,6510.2716,
4/30/2026 9:35:00 PM,DIPC,4/30/2026 9:40:00 PM,SYSTEM,6513.6360,
4/30/2026 9:40:00 PM,DIPC,4/30/2026 9:45:00 PM,CLUZ,6009.4468,
4/30/2026 9:40:00 PM,DIPC,4/30/2026 9:45:00 PM,CMIN,6012.1634,
4/30/2026 9:40:00 PM,DIPC,4/30/2026 9:45:00 PM,CVIS,6010.1477,
4/30/2026 9:40:00 PM,DIPC,4/30/2026 9:45:00 PM,SYSTEM,6009.9242,
4/30/2026 9:45:00 PM,DIPC,4/30/2026 9:50:00 PM,CLUZ,5971.4125,
4/30/2026 9:45:00 PM,DIPC,4/30/2026 9:50:00 PM,CMIN,5974.4459,
4/30/2026 9:45:00 PM,DIPC,4/30/2026 9:50:00 PM,CVIS,5971.6948,
4/30/2026 9:45:00 PM,DIPC,4/30/2026 9:50:00 PM,SYSTEM,5971.8890,
4/30/2026 9:50:00 PM,DIPC,4/30/2026 9:55:00 PM,CLUZ,5938.5442,
4/30/2026 9:50:00 PM,DIPC,4/30/2026 9:55:00 PM,CMIN,5936.4414,
4/30/2026 9:50:00 PM,DIPC,4/30/2026 9:55:00 PM,CVIS,5938.1641,
4/30/2026 9:50:00 PM,DIPC,4/30/2026 9:55:00 PM,SYSTEM,5938.1920,
4/30/2026 9:55:00 PM,DIPC,4/30/2026 10:00:00 PM,CLUZ,5813.9890,
4/30/2026 9:55:00 PM,DIPC,4/30/2026 10:00:00 PM,CMIN,5806.0230,
4/30/2026 9:55:00 PM,DIPC,4/30/2026 10:00:00 PM,CVIS,5810.5426,
4/30/2026 9:55:00 PM,DIPC,4/30/2026 10:00:00 PM,SYSTEM,5812.4128,
4/30/2026 10:00:00 PM,DIPC,4/30/2026 10:05:00 PM,CLUZ,7604.7565,
4/30/2026 10:00:00 PM,DIPC,4/30/2026 10:05:00 PM,CMIN,7597.9956,
4/30/2026 10:00:00 PM,DIPC,4/30/2026 10:05:00 PM,CVIS,7596.9559,
4/30/2026 10:00:00 PM,DIPC,4/30/2026 10:05:00 PM,SYSTEM,7602.8071,
4/30/2026 10:05:00 PM,DIPC,4/30/2026 10:10:00 PM,CLUZ,6018.7644,
4/30/2026 10:05:00 PM,DIPC,4/30/2026 10:10:00 PM,CMIN,6018.64,
4/30/2026 10:05:00 PM,DIPC,4/30/2026 10:10:00 PM,CVIS,6010.9639,
4/30/2026 10:05:00 PM,DIPC,4/30/2026 10:10:00 PM,SYSTEM,6017.7821,
4/30/2026 10:10:00 PM,DIPC,4/30/2026 10:15:00 PM,CLUZ,5914.5350,
4/30/2026 10:10:00 PM,DIPC,4/30/2026 10:15:00 PM,CMIN,5914.3415,
4/30/2026 10:10:00 PM,DIPC,4/30/2026 10:15:00 PM,CVIS,5905.1982,
4/30/2026 10:10:00 PM,DIPC,4/30/2026 10:15:00 PM,SYSTEM,5913.3365,
4/30/2026 10:15:00 PM,DIPC,4/30/2026 10:20:00 PM,CLUZ,6246.7026,
4/30/2026 10:15:00 PM,DIPC,4/30/2026 10:20:00 PM,CMIN,6246.5686,
4/30/2026 10:15:00 PM,DIPC,4/30/2026 10:20:00 PM,CVIS,6243.18,
4/30/2026 10:15:00 PM,DIPC,4/30/2026 10:20:00 PM,SYSTEM,6246.2453,
4/30/2026 10:20:00 PM,DIPC,4/30/2026 10:25:00 PM,CLUZ,6280.7114,
4/30/2026 10:20:00 PM,DIPC,4/30/2026 10:25:00 PM,CMIN,6272.9042,
4/30/2026 10:20:00 PM,DIPC,4/30/2026 10:25:00 PM,CVIS,6275.9930,
4/30/2026 10:20:00 PM,DIPC,4/30/2026 10:25:00 PM,SYSTEM,6279.0037,
4/30/2026 10:25:00 PM,DIPC,4/30/2026 10:30:00 PM,CLUZ,5800.8025,
4/30/2026 10:25:00 PM,DIPC,4/30/2026 10:30:00 PM,CMIN,5795.4058,
4/30/2026 10:25:00 PM,DIPC,4/30/2026 10:30:00 PM,CVIS,5790.8908,
4/30/2026 10:25:00 PM,DIPC,4/30/2026 10:30:00 PM,SYSTEM,5798.7876,
4/30/2026 10:30:00 PM,DIPC,4/30/2026 10:35:00 PM,CLUZ,5526.4810,
4/30/2026 10:30:00 PM,DIPC,4/30/2026 10:35:00 PM,CMIN,5529.9310,
4/30/2026 10:30:00 PM,DIPC,4/30/2026 10:35:00 PM,CVIS,5527.7156,
4/30/2026 10:30:00 PM,DIPC,4/30/2026 10:35:00 PM,SYSTEM,5527.1309,
4/30/2026 10:35:00 PM,DIPC,4/30/2026 10:40:00 PM,CLUZ,5513.0638,
4/30/2026 10:35:00 PM,DIPC,4/30/2026 10:40:00 PM,CMIN,5515.7657,
4/30/2026 10:35:00 PM,DIPC,4/30/2026 10:40:00 PM,CVIS,5515.4550,
4/30/2026 10:35:00 PM,DIPC,4/30/2026 10:40:00 PM,SYSTEM,5513.7460,
4/30/2026 10:40:00 PM,DIPC,4/30/2026 10:45:00 PM,CLUZ,5686.1114,
4/30/2026 10:40:00 PM,DIPC,4/30/2026 10:45:00 PM,CMIN,5688.9946,
4/30/2026 10:40:00 PM,DIPC,4/30/2026 10:45:00 PM,CVIS,5685.9496,
4/30/2026 10:40:00 PM,DIPC,4/30/2026 10:45:00 PM,SYSTEM,5686.4975,
4/30/2026 10:45:00 PM,DIPC,4/30/2026 10:50:00 PM,CLUZ,5510.8995,
4/30/2026 10:45:00 PM,DIPC,4/30/2026 10:50:00 PM,CMIN,5502.8907,
4/30/2026 10:45:00 PM,DIPC,4/30/2026 10:50:00 PM,CVIS,5508.0928,
4/30/2026 10:45:00 PM,DIPC,4/30/2026 10:50:00 PM,SYSTEM,5509.4238,
4/30/2026 10:50:00 PM,DIPC,4/30/2026 10:55:00 PM,CLUZ,5475.3606,
4/30/2026 10:50:00 PM,DIPC,4/30/2026 10:55:00 PM,CMIN,5476.4292,
4/30/2026 10:50:00 PM,DIPC,4/30/2026 10:55:00 PM,CVIS,5472.9589,
4/30/2026 10:50:00 PM,DIPC,4/30/2026 10:55:00 PM,SYSTEM,5475.2121,
4/30/2026 10:55:00 PM,DIPC,4/30/2026 11:00:00 PM,CLUZ,5457.8427,
4/30/2026 10:55:00 PM,DIPC,4/30/2026 11:00:00 PM,CMIN,5453.2773,
4/30/2026 10:55:00 PM,DIPC,4/30/2026 11:00:00 PM,CVIS,5455.4420,
4/30/2026 10:55:00 PM,DIPC,4/30/2026 11:00:00 PM,SYSTEM,5456.8930,
4/30/2026 11:00:00 PM,DIPC,4/30/2026 11:05:00 PM,CLUZ,6282.7243,
4/30/2026 11:00:00 PM,DIPC,4/30/2026 11:05:00 PM,CMIN,6278.5632,
4/30/2026 11:00:00 PM,DIPC,4/30/2026 11:05:00 PM,CVIS,6287.9918,
4/30/2026 11:00:00 PM,DIPC,4/30/2026 11:05:00 PM,SYSTEM,6282.7934,
4/30/2026 11:05:00 PM,DIPC,4/30/2026 11:10:00 PM,CLUZ,5561.3134,
4/30/2026 11:05:00 PM,DIPC,4/30/2026 11:10:00 PM,CMIN,5563.1573,
4/30/2026 11:05:00 PM,DIPC,4/30/2026 11:10:00 PM,CVIS,5560.4454,
4/30/2026 11:05:00 PM,DIPC,4/30/2026 11:10:00 PM,SYSTEM,5561.4660,
4/30/2026 11:10:00 PM,DIPC,4/30/2026 11:15:00 PM,CLUZ,6167.1237,
4/30/2026 11:10:00 PM,DIPC,4/30/2026 11:15:00 PM,CMIN,6166.5584,
4/30/2026 11:10:00 PM,DIPC,4/30/2026 11:15:00 PM,CVIS,6169.8596,
4/30/2026 11:10:00 PM,DIPC,4/30/2026 11:15:00 PM,SYSTEM,6167.3866,
4/30/2026 11:15:00 PM,DIPC,4/30/2026 11:20:00 PM,CLUZ,5452.0128,
4/30/2026 11:15:00 PM,DIPC,4/30/2026 11:20:00 PM,CMIN,5462.5483,
4/30/2026 11:15:00 PM,DIPC,4/30/2026 11:20:00 PM,CVIS,5459.1545,
4/30/2026 11:15:00 PM,DIPC,4/30/2026 11:20:00 PM,SYSTEM,5454.3650,
4/30/2026 11:20:00 PM,DIPC,4/30/2026 11:25:00 PM,CLUZ,5395.3173,
4/30/2026 11:20:00 PM,DIPC,4/30/2026 11:25:00 PM,CMIN,5411.6119,
4/30/2026 11:20:00 PM,DIPC,4/30/2026 11:25:00 PM,CVIS,5408.0450,
4/30/2026 11:20:00 PM,DIPC,4/30/2026 11:25:00 PM,SYSTEM,5399.1944,
4/30/2026 11:25:00 PM,DIPC,4/30/2026 11:30:00 PM,CLUZ,5647.6578,
4/30/2026 11:25:00 PM,DIPC,4/30/2026 11:30:00 PM,CMIN,5653.6794,
4/30/2026 11:25:00 PM,DIPC,4/30/2026 11:30:00 PM,CVIS,5654.2863,
4/30/2026 11:25:00 PM,DIPC,4/30/2026 11:30:00 PM,SYSTEM,5649.3143,
4/30/2026 11:30:00 PM,DIPC,4/30/2026 11:35:00 PM,CLUZ,5450.6651,
4/30/2026 11:30:00 PM,DIPC,4/30/2026 11:35:00 PM,CMIN,5461.2275,
4/30/2026 11:30:00 PM,DIPC,4/30/2026 11:35:00 PM,CVIS,5457.0205,
4/30/2026 11:30:00 PM,DIPC,4/30/2026 11:35:00 PM,SYSTEM,5452.9491,
4/30/2026 11:35:00 PM,DIPC,4/30/2026 11:40:00 PM,CLUZ,5431.1962,
4/30/2026 11:35:00 PM,DIPC,4/30/2026 11:40:00 PM,CMIN,5424.0384,
4/30/2026 11:35:00 PM,DIPC,4/30/2026 11:40:00 PM,CVIS,5429.3754,
4/30/2026 11:35:00 PM,DIPC,4/30/2026 11:40:00 PM,SYSTEM,5429.9529,
4/30/2026 11:40:00 PM,DIPC,4/30/2026 11:45:00 PM,CLUZ,5396.8758,
4/30/2026 11:40:00 PM,DIPC,4/30/2026 11:45:00 PM,CMIN,5395.8463,
4/30/2026 11:40:00 PM,DIPC,4/30/2026 11:45:00 PM,CVIS,5399.4469,
4/30/2026 11:40:00 PM,DIPC,4/30/2026 11:45:00 PM,SYSTEM,5397.0508,
4/30/2026 11:45:00 PM,DIPC,4/30/2026 11:50:00 PM,CLUZ,5437.7894,
4/30/2026 11:45:00 PM,DIPC,4/30/2026 11:50:00 PM,CMIN,5437.1508,
4/30/2026 11:45:00 PM,DIPC,4/30/2026 11:50:00 PM,CVIS,5437.6682,
4/30/2026 11:45:00 PM,DIPC,4/30/2026 11:50:00 PM,SYSTEM,5437.6852,
4/30/2026 11:50:00 PM,DIPC,4/30/2026 11:55:00 PM,CLUZ,5248.9337,
4/30/2026 11:50:00 PM,DIPC,4/30/2026 11:55:00 PM,CMIN,5256.8806,
4/30/2026 11:50:00 PM,DIPC,4/30/2026 11:55:00 PM,CVIS,5254.2074,
4/30/2026 11:50:00 PM,DIPC,4/30/2026 11:55:00 PM,SYSTEM,5250.7147,
4/30/2026 11:55:00 PM,DIPC,5/1/2026,CLUZ,5321.1239,
4/30/2026 11:55:00 PM,DIPC,5/1/2026,CMIN,5329.3085,
4/30/2026 11:55:00 PM,DIPC,5/1/2026,CVIS,5324.6919,
4/30/2026 11:55:00 PM,DIPC,5/1/2026,SYSTEM,5322.7349,
EOF
